0	3.8357944489
0.000833252859667206	3.8069150448
0.0016664977054592	3.7925989628
0.00249974453811489	3.7817454338
0.00333299011244856	3.7726562023
0.00416623462699939	3.7646484375
0.00499947841309186	3.7573983669
0.0058327279612918	3.7507033348
0.00666598545714094	3.7444748878
0.00749923712473992	3.738609314
0.00833249077931365	3.7330453396
0.00916575701777412	3.7277770042
0.00999902100430019	3.7227380276
0.0108322816131052	3.7179090977
0.0116647162151157	3.7132656574
0.0124979728500544	3.7088038921
0.0133312324653026	3.7044882774
0.0141644974453578	3.700306654
0.0149977526894391	3.696236372
0.0158310109800838	3.6922724247
0.0166642729135201	3.6884045601
0.0174975318002266	3.6846339703
0.0183307942634989	3.6809365749
0.0191640586474921	3.6773173809
0.0199973179316102	3.6737558842
0.0208305810571981	3.6702497005
0.0216638403413163	3.6668047905
0.0224971020760468	3.6634202003
0.0233303679832661	3.6600797176
0.0241636284596191	3.6567714214
0.024996890591785	3.6535065174
0.0258301567640194	3.6503119469
0.0266625883886172	3.6471409798
0.0274958534349261	3.6440131664
0.0283291119242487	3.6409287453
0.0291623746524528	3.6378557682
0.029995636983273	3.6348536015
0.0308288975257687	3.6318562031
0.0316621609825144	3.6289196014
0.0324954283468171	3.6259942055
0.0333286953138193	3.6231093407
0.034161963406747	3.6202681065
0.0349952308372756	3.6174747944
0.0358284989302033	3.6147143841
0.0366617698047624	3.6119959354
0.0374950418053303	3.6092870235
0.038328309169633	3.6066331863
0.0391615844155255	3.6040027142
0.0399948562836414	3.6014358997
0.0408272935319714	3.598887682
0.0416605646714623	3.5963866711
0.0424938412419862	3.5939083099
0.0433271099971462	3.5914902687
0.0441603781562999	3.589091301
0.0449936469777693	3.5867812634
0.0458269132823724	3.5844833851
0.0466601864751197	3.58218503
0.0474934541043542	3.5799777508
0.0483267214025142	3.5777797699
0.0491599921447045	3.5756015778
0.0499932585155337	3.5735023022
0.0508265305823276	3.5714168549
0.0516597936416062	3.5693793297
0.0524930605423824	3.5673646927
0.0533263283703782	3.5653972626
0.0541596009669525	3.5634539127
0.0549928648873359	3.561555624
0.0558252986289209	3.5596506596
0.0566585648010721	3.5578095913
0.0574918356757145	3.5559921265
0.058325101384361	3.5542030334
0.059158364112458	3.5524427891
0.0599916355832093	3.5506904125
0.0608249091069846	3.548964262
0.0616581772661869	3.5472722054
0.0624914405241478	3.545609951
0.0633247101405161	3.5439505577
0.0641579767100291	3.5423374176
0.0649912426173536	3.5407342911
0.0658245104452448	3.5391526222
0.0666577770811106	3.5375854969
0.0674910387495076	3.5360343456
0.0683242973714187	3.5345113277
0.0691575597683577	3.5329883099
0.0699899900693575	3.5315084457
0.0708232582284067	3.530015707
0.0716565185060785	3.5285654068
0.0724897825589139	3.527132988
0.0733230501882317	3.5256853104
0.0741563172213766	3.5242700577
0.0749895861091202	3.5228569508
0.0758228534071752	3.5214841366
0.0766561233547012	3.5201032162
0.077489390453967	3.5187397003
0.0783226608651026	3.5173959732
0.0791559283618358	3.5160257816
0.079989192282242	3.5147182941
0.0808224593815912	3.513399601
0.0816557268122244	3.5120913982
0.0824889910636314	3.5108113289
0.0833222610110741	3.509513855
0.0841555306272073	3.5082573891
0.0849879678093775	3.5069832802
0.0858212367633267	3.5057172775
0.0866545049886509	3.5044746399
0.0874877728166467	3.503254652
0.0883210352136929	3.5020256042
0.0891543010546862	3.5008218288
0.089987566630831	3.4996235371
0.0908208347900333	3.4984407425
0.0916541054659699	3.4972500801
0.0924873718367991	3.4960827827
0.0933206434399832	3.4949147701
0.0941539153080157	3.4937362671
0.0949871877721935	3.4926085472
0.0958204578520682	3.4914660454
0.0966537244216032	3.4903583527
0.0974869941040941	3.4892082214
0.0983202619320066	3.4880809784
0.0991526934243681	3.486985445
0.0999859614509864	3.4858968258
0.100819230736093	3.4847941399
0.101652499226322	3.4837100506
0.102485761954526	3.482622385
0.103319028656596	3.4815461636
0.104152294365137	3.4805002213
0.104985561464591	3.4794595242
0.105818826510817	3.4784052372
0.106652093279141	3.477363348
0.107485364021351	3.4763395786
0.10831863496222	3.4752955437
0.109151904644627	3.4742751122
0.10998517386348	3.4732449055
0.110818447321132	3.4722485542
0.111651721242337	3.4712376595
0.112484995759688	3.4702336788
0.113318268886098	3.4692575932
0.114150706928779	3.4682939053
0.114983978465654	3.4672892094
0.115817243313257	3.4663436413
0.116650517830524	3.4653487206
0.117483789764866	3.4644014835
0.118317060573282	3.4634566307
0.119150333964624	3.4625017643
0.119983602918574	3.4615607262
0.120816875316442	3.4606397152
0.121650146720948	3.4596965313
0.122483415873575	3.4587755203
0.123316687145518	3.4578475952
0.124149957887728	3.4569330215
0.124983229689618	3.456017971
0.125816501955118	3.4551124573
0.126649774154308	3.4542338848
0.127483044896499	3.4533407688
0.128315484924056	3.4524359703
0.129148758712865	3.4515457153
0.129982029521198	3.4506750107
0.13081529907121	3.449780941
0.131648568422543	3.4489367008
0.132481839363328	3.4480838776
0.133315113284617	3.4472157955
0.134148385351327	3.4463794231
0.134981662584167	3.4455244541
0.135814937498818	3.4446847439
0.136648209565612	3.4438560009
0.137481477989698	3.4430263042
0.13831474939412	3.4421982765
0.139148019937605	3.4413537979
0.139981292732857	3.4405479431
0.140814560627211	3.4397408962
0.141647827660356	3.438931942
0.142480261600796	3.4381325245
0.14331352982612	3.4373197556
0.144146799376131	3.4365210533
0.144980069787081	3.4357419014
0.14581334205258	3.4349477291
0.146646614053148	3.4341807365
0.147479886649723	3.4333953857
0.148313159445058	3.4326210022
0.149146433697422	3.4318423271
0.14997970463829	3.4310591221
0.150812976506323	3.4303152561
0.15164624910298	3.4295556545
0.152479518719217	3.4288015366
0.153312789858708	3.4280464649
0.154146057090642	3.427315712
0.154979331806616	3.4265565872
0.155812601224175	3.4258141518
0.156645873555919	3.425078392
0.157478312921528	3.4243588448
0.158311589293246	3.4236235619
0.15914486162499	3.4229023457
0.159978134486449	3.4221792221
0.160811405758578	3.4214572906
0.161644680408308	3.4207422733
0.162477953932231	3.4200570583
0.163311226396306	3.4193644524
0.164144498198215	3.4186737537
0.164977773245328	3.4179720879
0.165811045510847	3.4172992706
0.166644320094322	3.4166111946
0.167477590505375	3.4159193039
0.168310860187762	3.4152362347
0.169144126426327	3.4145684242
0.169977402864215	3.4138715267
0.170810675924585	3.4132237434
0.171643115488968	3.4125573635
0.172476388218078	3.4119231701
0.173309657436848	3.4112517834
0.174142926589495	3.4106242657
0.17497619541086	3.4099721909
0.175809461781906	3.4093298912
0.176642731199361	3.408718586
0.177476000815646	3.4080584049
0.178309271690185	3.4074342251
0.179142540114291	3.406806469
0.179975810061582	3.406188488
0.180809080406409	3.4055671692
0.181642353201642	3.4049446583
0.182475627056723	3.4043438435
0.183308898924736	3.4037399292
0.184142169799481	3.403121233
0.184975445707589	3.4025034904
0.185808717973107	3.401914835
0.186641157868318	3.4013385773
0.187474427484555	3.4007492065
0.188307699882423	3.4001467228
0.189140971551833	3.3995900154
0.189974239644782	3.3990283012
0.190807509261019	3.3984408379
0.191640778016179	3.3978717327
0.192474049619363	3.3972992897
0.193307323408089	3.3967401981
0.194140594150279	3.3961746693
0.194973869197494	3.3956141472
0.195807141860294	3.3950800896
0.196640412271326	3.394513607
0.197473684205585	3.3939735889
0.198306958789162	3.3934278488
0.199140230591052	3.3928952217
0.199973501664317	3.3923287392
0.20080594486785	3.3918025494
0.201639217928034	3.3912637234
0.202472495425805	3.3907401562
0.203305769347011	3.3902101517
0.204139044725383	3.3896892071
0.204972316593499	3.3891544342
0.205805591309472	3.388635397
0.206638862780224	3.3881213665
0.20747214233114	3.3876116276
0.20830542300801	3.3870854378
0.209138701167986	3.3865942955
0.209971981050061	3.3861069679
0.210805262124231	3.3856260777
0.211638541608922	3.3851127625
0.212471817119663	3.3846206665
0.213305088325463	3.3841331005
0.214138364962213	3.3836081028
0.214971643652052	3.3831033707
0.2158040819594	3.3826236725
0.21663735852984	3.3821454048
0.217470635034138	3.3816645145
0.218303912266894	3.3811743259
0.219137196321541	3.3806920052
0.219970479780098	3.3802063465
0.220803758801095	3.3797268867
0.221637037557244	3.3792700768
0.222470318763867	3.3787853718
0.223303592486551	3.3783226013
0.224136867798586	3.3778569698
0.224970145495036	3.3773868084
0.225803424979643	3.3768968582
0.226636705259101	3.3764436245
0.22746998606834	3.3759729862
0.228303266347798	3.3755168915
0.229136546428578	3.3750247955
0.229968988904215	3.3745584488
0.23080226726298	3.3741042614
0.231635538932307	3.373639822
0.232468814774289	3.3731548786
0.233302091675887	3.3727145195
0.234135364338771	3.3722374439
0.23496864263131	3.3717768192
0.235801919267977	3.3713216782
0.236635194182711	3.3708739281
0.237468472077783	3.3704168797
0.238301751562474	3.3699338436
0.239135027735614	3.3695073128
0.23996829808044	3.369038105
0.240801571869166	3.3685474396
0.241634849433163	3.3681037426
0.2424681201091	3.3676452637
0.243301392374516	3.3671860695
0.244134662321911	3.3667156696
0.244967100827655	3.3662714958
0.245800374020402	3.365811348
0.24663364761045	3.3653481007
0.247466926631531	3.3648993969
0.248300203069519	3.3644521236
0.249133477918028	3.3639776707
0.249966749521212	3.3635160923
0.250800026489036	3.3630537987
0.251633300410325	3.3625955582
0.252466575324977	3.3621435165
0.253299851498116	3.3616776466
0.25413312912834	3.3612117767
0.254966411858272	3.3607676029
0.255799690018375	3.3603065014
0.256632967979756	3.3598556519
0.257466244152896	3.3594069481
0.258299518802643	3.3589527607
0.25913196048439	3.3584883213
0.259965236922479	3.3580257893
0.260798515877234	3.3575725555
0.261631794898331	3.3571152687
0.262465077032158	3.3566632271
0.263298358172653	3.3561964035
0.264131635471618	3.355741024
0.264964914757646	3.3552675247
0.265798187155495	3.3548107147
0.266631464918187	3.3543646336
0.267464741025	3.3538961411
0.268298019317639	3.3534281254
0.269131301054082	3.3529663086
0.26996457855187	3.3525149822
0.270797857705303	3.3520607948
0.271631135997858	3.3516044617
0.272464417933106	3.3511357307
0.273297697152781	3.3506858349
0.274130143929221	3.3502216339
0.274963421890618	3.3497564793
0.275796699454516	3.3492734432
0.276629970991493	3.3488254547
0.277463248886548	3.3483746052
0.278296525059705	3.3478832245
0.279129809842797	3.3474018574
0.27996308846651	3.346934557
0.280796360334523	3.3464639187
0.281629633129988	3.345993042
0.28246290771338	3.3455500603
0.283296182230832	3.3450593948
0.284129461318039	3.3446011543
0.284962740537842	3.3441224098
0.285796020883427	3.3436477184
0.286629295996885	3.3431735039
0.287462574554229	3.3427143097
0.288295016632582	3.3422319889
0.289128294196596	3.3417549133
0.289961572224203	3.3412809372
0.290794849854343	3.3408133984
0.291628131988296	3.3403434753
0.292461410810671	3.3398590088
0.293294690295278	3.3393959999
0.294127966269713	3.3389081955
0.294961242244064	3.3383996487
0.295794519410677	3.3379259109
0.296627795451365	3.3374404907
0.297461074935972	3.3369653225
0.298294353758347	3.3364746571
0.299127632183255	3.3360126019
0.299960906501928	3.3355381489
0.300794180025805	3.3350565434
0.30162745156268	3.3345880508
0.30246072336457	3.334100008
0.303293164913914	3.3336024284
0.30412643572233	3.3331208229
0.304959711895387	3.3326478004
0.305792985617988	3.3321564198
0.306626264837747	3.3316912651
0.307459542865354	3.3312113285
0.308292818376095	3.3307218552
0.309126088787128	3.3302330971
0.30995936065516	3.329744339
0.310792637490616	3.3292520046
0.311625915054613	3.3287494183
0.312459195996304	3.3282737732
0.313292474487521	3.3277966976
0.314125748673631	3.3272960186
0.314959024912997	3.326811552
0.315792299562827	3.3263142109
0.316625575934562	3.3258163929
0.317458018410282	3.3253228664
0.31829130014674	3.3248307705
0.319124575458859	3.324344635
0.319957856201871	3.3238391876
0.320791133898321	3.3233430386
0.321624415833485	3.3228371143
0.322457692669041	3.3223686218
0.323290972352354	3.321842432
0.324124251638366	3.3213601112
0.324957530460658	3.320846796
0.325790808355813	3.3203577995
0.326624082873164	3.3198356628
0.327457357787815	3.3193364143
0.328290631907782	3.318823576
0.32912391424033	3.3183236122
0.329957190678402	3.3178393841
0.330790462480292	3.3173182011
0.331623732758761	3.31681633
0.332456173315708	3.3163130283
0.333289449488765	3.3158097267
0.334122721158175	3.3152992725
0.334955993026208	3.314791441
0.335789265755317	3.3142898083
0.336622542127135	3.3137638569
0.337455819823501	3.3132631779
0.338289091824088	3.3127491474
0.339122372103547	3.3122394085
0.339955648475281	3.3117384911
0.340788927628814	3.3112258911
0.341622202344871	3.3107068539
0.342455476199823	3.3102083206
0.343288751909353	3.3096766472
0.344122023909837	3.3091754913
0.344955297102585	3.3086695671
0.34578857486526	3.3081357479
0.346621015488284	3.307659626
0.347454286959016	3.3071212769
0.348287558760822	3.3065977097
0.349120837185813	3.3061010838
0.349954113160164	3.3055872917
0.35078738939953	3.305075407
0.351620665175286	3.3045759201
0.352453947375382	3.304050684
0.353287218117573	3.3035402298
0.35412049276732	3.3030457497
0.354953766953614	3.3025243282
0.355787042265649	3.3020145893
0.356620320359483	3.3014934063
0.35745360044018	3.3009676933
0.35828688052096	3.3004527092
0.359120154375912	3.2999448776
0.359953428363427	3.2994074821
0.360786704801498	3.298895359
0.361619151247056	3.2983887196
0.362452424969657	3.2978723049
0.36328570048038	3.2973322868
0.364118975593838	3.2968094349
0.364952257330282	3.296279192
0.365785536152756	3.2957715988
0.366618819147605	3.2952554226
0.367452098698537	3.2947285175
0.368285374010555	3.2942314148
0.369118648461697	3.2937014103
0.369951930330621	3.2931787968
0.370785202993523	3.2926466465
0.371618483537913	3.2921283245
0.37245176752625	3.2916080952
0.373285046812263	3.2910685539
0.374118328416353	3.2905502319
0.37495160697374	3.2900185585
0.375784052492679	3.2894742489
0.376617335222596	3.2889533043
0.377450615435844	3.2884316444
0.378283896509999	3.2878947258
0.379117179107576	3.2873613834
0.379950458525942	3.2868144512
0.380783741123602	3.2863047123
0.381617024582062	3.2857861519
0.382450313471607	3.2852535248
0.383283594148351	3.2847275734
0.384116873831762	3.2842001915
0.38495015444228	3.2836573124
0.385783435980158	3.2831408978
0.386616722352786	3.2825975418
0.387450007135987	3.282081604
0.38828328821024	3.2815566063
0.389116572794723	3.2810297012
0.389949857644054	3.2805068493
0.390782304618618	3.2799575329
0.391615589865416	3.2794349194
0.392448878953545	3.2788977623
0.393282166849606	3.2783777714
0.394115453156104	3.2778589725
0.394948741383239	3.2773296833
0.395782026696291	3.2767977715
0.396615316115577	3.2762615681
0.397448602885713	3.2757534981
0.398281886675344	3.2752139568
0.399115168544366	3.2746975422
0.399948454983343	3.2741668224
0.400781743144252	3.2736344337
0.401615036007653	3.2731044292
0.402448321784231	3.2725951672
0.403281603520773	3.2720527649
0.404114883137943	3.2715461254
0.40494733176664	3.2710001469
0.405780621450859	3.2704706192
0.406613910737777	3.2699379921
0.407447198302597	3.2694141865
0.408280487854419	3.2688715458
0.40911377124675	3.2683529854
0.409947053049462	3.2678380013
0.410780334189942	3.2673146725
0.411613620297678	3.2667865753
0.412446905080866	3.2662518024
0.413280192976844	3.2657294273
0.41411348047552	3.2652101517
0.414946768040423	3.2646818161
0.415780056267559	3.2641556263
0.416613342309152	3.2636406422
0.417446626694873	3.2631027699
0.41827991028591	3.2625727654
0.419113197917039	3.2620515823
0.419945651574569	3.2615101337
0.420778934966913	3.2609865665
0.421612213259452	3.2604620457
0.422445497446467	3.2599232197
0.423278779712873	3.2594063282
0.424112061316962	3.2588636875
0.424945346696157	3.2583377361
0.425778629028788	3.2578213215
0.426611915732586	3.2572841644
0.427445201509248	3.2567603588
0.428278484504195	3.2562212944
0.429111767896442	3.25568223
0.429945050030396	3.2551386356
0.430778329051393	3.2546043396
0.431611611185346	3.2540636063
0.432444895306136	3.2535250187
0.433278181678887	3.2529616356
0.434110628389083	3.2524280548
0.434943908999699	3.2519056797
0.435777190338857	3.2513644695
0.436610467240456	3.2508144379
0.437443753745671	3.2502939701
0.438277032832978	3.2497656345
0.439110315562993	3.2492296696
0.439943595378758	3.248707056
0.440776875989374	3.2481651306
0.441610152957199	3.247628212
0.442443437011845	3.2470903397
0.443276724642974	3.2465736866
0.444110007704064	3.2460670471
0.444943289241927	3.2455487251
0.445776565613662	3.2450203896
0.446609847019074	3.2444751263
0.44744312776217	3.2439689636
0.448276408438956	3.2434492111
0.449108851840913	3.2429132462
0.449942132848913	3.2423758507
0.450775413923167	3.2418534756
0.451608694997337	3.2413218021
0.452441980177909	3.2407956123
0.453275258337885	3.2402801514
0.454108541399155	3.2397441864
0.454941823533025	3.2392382622
0.455775106792904	3.2387046814
0.456608387867075	3.2381718159
0.457441667285539	3.2376487255
0.458274948492245	3.2371106148
0.459108230559861	3.2365736961
0.459941514415802	3.2360332012
0.460774797410666	3.2355060577
0.461608077690124	3.2349648476
0.462441357638424	3.2344205379
0.463273805009975	3.2338862419
0.464107089660615	3.2333397865
0.464940371198493	3.2328155041
0.465773649888316	3.2322614193
0.466606928048419	3.2317304611
0.467440208261553	3.2311837673
0.468273489070889	3.2306711674
0.469106773257891	3.2301292419
0.469940049762206	3.2296009064
0.470773327061271	3.2290759087
0.471606605155021	3.2285494804
0.47243988437478	3.2280464172
0.473273163859486	3.2275207043
0.47410644725172	3.2269794941
0.474939725676727	3.2264654636
0.475773003240624	3.2259345055
0.476606279811248	3.2254023552
0.477439560024381	3.2248840332
0.478272007925266	3.2243556976
0.479105292310973	3.2238183022
0.479938569676281	3.2232878208
0.480771854525599	3.2227511406
0.481605134540168	3.2222175598
0.482438415349392	3.2216730118
0.483271698278127	3.2211432457
0.484104980080824	3.2206089497
0.484938258439605	3.220085144
0.485771539778665	3.219558239
0.486604818203755	3.2190151215
0.487438100403851	3.2184762955
0.488271382206646	3.217956543
0.489104662552275	3.2174141407
0.489937943957701	3.2168414593
0.490771222316367	3.2163059711
0.491604504450417	3.2157814503
0.492436956056827	3.2152340412
0.493270239051774	3.2146894932
0.494103519132471	3.2141387463
0.494936800339177	3.213624239
0.495770085254734	3.2130815983
0.496603365931604	3.212523222
0.497436647072083	3.2119810581
0.498269932848662	3.2114572525
0.499103218956481	3.2109246254
0.499936504666834	3.2103936672
0.500769786734533	3.2098519802
0.501603068537329	3.2093205452
0.502436358420225	3.208763361
0.503269640156767	3.2082293034
0.50410292089978	3.2077007294
0.504936204292111	3.2071831226
0.505769489273921	3.2066488266
0.506602773461116	3.2061166763
0.507435223281073	3.2055668831
0.508268509388892	3.2050340176
0.509101796291396	3.2044949532
0.509935078094192	3.2039706707
0.510768356784031	3.203425169
0.511601642097083	3.2028748989
0.512434924429714	3.202334404
0.513268209411525	3.2017819881
0.514101487439132	3.2012569904
0.514934768579529	3.2007036209
0.515768045216279	3.2001681328
0.516601323508818	3.1996223927
0.517434605841366	3.1990809441
0.518267884729994	3.1985340118
0.519101159843351	3.197977066
0.519934438864432	3.1974225044
0.520767721329543	3.1968684196
0.52160017200936	3.1963393688
0.52243345460684	3.1957783699
0.523266736144703	3.195227623
0.524100023709523	3.1946766376
0.524933305313612	3.194126606
0.525766591421349	3.1935648918
0.526599872892986	3.193010807
0.52743315052321	3.1924417019
0.528266430405201	3.1918904781
0.529099709889891	3.1913313866
0.529932991957508	3.1907844543
0.530766268594257	3.1902372837
0.531599550661957	3.1896913052
0.532432827629781	3.1891438961
0.533266102080906	3.1885848045
0.534099381565514	3.1880464554
0.534932662904671	3.1874866486
0.535765944111377	3.186923027
0.536598387513037	3.1863512993
0.537431664480861	3.1857795715
0.538264941647475	3.1852631569
0.539098216098516	3.1846942902
0.539931490019805	3.1841247082
0.540764765795561	3.1835594177
0.541598043756859	3.1830058098
0.542431319267684	3.1824450493
0.543264593586273	3.181866169
0.54409787207749	3.1813082695
0.544931153946428	3.1807308197
0.54576443429214	3.1801826954
0.546597713909311	3.1796176434
0.54743099319524	3.1790282726
0.548264272083869	3.1784698963
0.549097552694401	3.17791152
0.549930834960807	3.1773266792
0.550763280281536	3.1767580509
0.551596557977986	3.1761739254
0.552429834945893	3.1756010056
0.553263113768284	3.1750366688
0.554096393650275	3.1744608879
0.554929677108832	3.1738789082
0.555762955533823	3.173286438
0.556596230382248	3.1727144718
0.557429510065645	3.1721332073
0.558262784582912	3.1715574265
0.559096062941677	3.1709890366
0.559929339843359	3.1704173088
0.560762620983756	3.1698105335
0.561595900799604	3.1692550182
0.562429182536062	3.1686565876
0.563262462020753	3.1680834293
0.564095740313209	3.1675021648
0.564928187420475	3.1669237614
0.565761464984489	3.1663548946
0.566594745926164	3.1657509804
0.567428029914598	3.1651439667
0.568261310326437	3.1645598412
0.569094594447323	3.16395998
0.569927878899353	3.1633837223
0.570761166464256	3.162781477
0.57159444449178	3.1622006893
0.572427724307644	3.1615967751
0.573261011739972	3.1610116959
0.57409429884136	3.1604037285
0.574927582962136	3.1598322392
0.575760864632466	3.1592144966
0.576594144580667	3.1586225033
0.577427429430094	3.1580133438
0.578260712689876	3.1574139595
0.579093998532776	3.1568069458
0.57992645000725	3.156213522
0.580759731545128	3.1556129456
0.581593017652852	3.155018568
0.58242630276721	3.1543526649
0.58325958953725	3.1537568569
0.584092870942676	3.1531331539
0.584926156984146	3.1525104046
0.58575944236352	3.1519038677
0.586592724960999	3.1512966156
0.587426004975554	3.1506612301
0.588259287904191	3.1500458717
0.589092574740648	3.1494114399
0.589925856874476	3.1487898827
0.590759139339601	3.1481413841
0.59159242127475	3.147516489
0.592425705660568	3.1468930244
0.593258990509885	3.1462755203
0.594091440263382	3.1456487179
0.594924721668793	3.1450078487
0.595758009498545	3.144370079
0.596591298123147	3.143737793
0.597424579859605	3.1431117058
0.598257862523395	3.1424691677
0.599091146114431	3.1418249607
0.599924429506679	3.1412029266
0.600757718992275	3.1405510902
0.601591003444222	3.1399018764
0.60242428822741	3.139226675
0.603257578110307	3.138582468
0.604090863224653	3.1379334927
0.604924148868835	3.1372711658
0.605757431002802	3.1366090775
0.606590716978059	3.1359446049
0.607424002887172	3.1352782249
0.608257286941819	3.1345827579
0.609089740996335	3.1339046955
0.60992302385883	3.1332299709
0.610756307184852	3.1325242519
0.611589590246025	3.1318526268
0.612422876486213	3.131166935
0.613256160474633	3.1304583549
0.614089450556319	3.1297791004
0.614922734743334	3.1290762424
0.615756013963093	3.1283681393
0.616589295302168	3.1276702881
0.617422579025656	3.1269643307
0.618255867385244	3.1262879372
0.619089150843801	3.1255698204
0.619922435958147	3.1248733997
0.620755722264561	3.1241481304
0.621589008041223	3.1234297752
0.622422292625746	3.1227178574
0.623254744033648	3.1219828129
0.624088029280446	3.1212682724
0.624921313335093	3.1205503941
0.625754601562228	3.1198329926
0.626587885749327	3.1190915108
0.627421173512824	3.1183674335
0.628254462071201	3.1176474094
0.629087746258299	3.1168925762
0.62992102733247	3.1161530018
0.630754315692141	3.1154239178
0.631587607429532	3.1146752834
0.632420891285473	3.1139323711
0.633254179976301	3.1131803989
0.634087463434775	3.1124351025
0.63492074629727	3.111689806
0.635754026642898	3.1109447479
0.636587308114536	3.1101763248
0.637420596142966	3.1094286442
0.638253048344568	3.1086630821
0.63908633352514	3.1078796387
0.639919621354974	3.1070935726
0.640752911635255	3.1063024998
0.641586202114325	3.1055543423
0.642419492328379	3.1047718525
0.643252778568651	3.1039903164
0.644086065073854	3.103209734
0.644919351446522	3.1024119854
0.645752641329502	3.1016180515
0.646585928099554	3.1008212566
0.647419214339826	3.1000156403
0.648252505216279	3.0992310047
0.64908579801337	3.0984287262
0.649919093062396	3.097597599
0.650752381488209	3.0967729092
0.651585670179038	3.0959484577
0.652418124034745	3.0951149464
0.65325141471252	3.0942482948
0.654084699296919	3.093405962
0.65491798719298	3.092559576
0.655751276943425	3.0916981697
0.656584566892658	3.0908284187
0.657417854391252	3.0899634361
0.658251143810622	3.0890953541
0.659084431309299	3.0882427692
0.659917717549487	3.087382555
0.660751005180616	3.0864944458
0.661584299633469	3.0856304169
0.662417592761773	3.0847628117
0.66325088026045	3.0838694572
0.664084167494112	3.0829722881
0.664917447442413	3.0820791721
0.66575073427869	3.0811572075
0.666584020982572	3.0802402496
0.667416474309275	3.0793142319
0.668249760748348	3.0783836842
0.669083048909257	3.0774321556
0.669916338328627	3.076485157
0.670749627615462	3.075540781
0.671582919750414	3.0745902061
0.672416204401053	3.0736379623
0.673249489714118	3.0726618767
0.674082777610083	3.0716922283
0.674916062856894	3.0707068443
0.675749349163296	3.0697517395
0.676582631231037	3.0687584877
0.677415918530913	3.0677473545
0.67824920291673	3.0667695999
0.679082489620516	3.0657639503
0.679915775198484	3.0647165775
0.68074906309445	3.0637390614
0.68158151245096	3.0627121925
0.6824147971016	3.0616648197
0.683248080957665	3.0606174469
0.684081363886288	3.0595676899
0.684914647212407	3.0585377216
0.685747927756714	3.0574336052
0.686581211215271	3.0563490391
0.687414496594548	3.0552520752
0.68824777852981	3.0541718006
0.689081062186976	3.0530793667
0.689914349553185	3.0519561768
0.690747636786834	3.0508525372
0.691580922629734	3.0497171879
0.692414206353126	3.0485861301
0.693247493454431	3.0474267006
0.694080783668474	3.0462837219
0.694914067723134	3.0451340675
0.695747352373774	3.0439844131
0.696579807949773	3.0428082943
0.697413094322525	3.0416359901
0.698246381357564	3.0404143333
0.699079666670533	3.039222002
0.699912951453721	3.0380170345
0.7007462361706	3.0367882252
0.701579525325038	3.0355606079
0.702412812360077	3.0343167782
0.70324609807043	3.0330514908
0.70407938689371	3.031799078
0.704912673133994	3.0305349827
0.705745957387346	3.0292406082
0.706579240117278	3.0279171467
0.707412522184978	3.0266141891
0.708245806570699	3.0252962112
0.709079093671992	3.0239298344
0.709912375607239	3.022572279
0.710744825294876	3.0211901665
0.711578105706814	3.0198144913
0.712411395920869	3.0184180737
0.713244683949381	3.0169906616
0.714077971447975	3.0155799389
0.714911254707854	3.0141472816
0.715744539292253	3.0126917362
0.716577824539051	3.0112416744
0.717411108659924	3.0097620487
0.718244395959811	3.0082793236
0.719077676371749	3.0067751408
0.719910958108208	3.0052633286
0.720744244878438	3.0037157536
0.721577528866775	3.0021734238
0.722410815703137	3.0006036758
0.723244094724134	2.9990415573
0.724077375136072	2.9974141121
0.72491066144257	2.9957897663
0.725743108285113	2.9941697121
0.726576384325801	2.9925279617
0.727409675268398	2.9908337593
0.728242961177511	2.9891726971
0.729076246887864	2.9874882698
0.729909526902418	2.985751152
0.730742807314273	2.984017849
0.731576092163687	2.9822425842
0.732409381847989	2.9804596901
0.733242667160958	2.9786500931
0.734075945652175	2.9768013954
0.734909226196481	2.9749422073
0.735742509588812	2.973077774
0.736575789404661	2.9711749554
0.737409066769969	2.9692428112
0.738242351023238	2.967302084
0.739075628388529	2.9653308392
0.739908084163339	2.9633157253
0.740741366429744	2.961286068
0.741574649490917	2.9592254162
0.742407930498834	2.9571528435
0.743241207135584	2.9550340176
0.744074487150055	2.9529197216
0.744907773986416	2.9507513046
0.745741051616639	2.9485588074
0.746574332028494	2.9463253021
0.747407617341546	2.9440629482
0.748240896494995	2.9417769909
0.749074174588829	2.9394142628
0.749907460564085	2.9370553493
0.750740743625258	2.9346702099
0.751574026951363	2.9321994781
0.752407307363218	2.9297606945
0.753240590027007	2.9272465706
0.754073871763591	2.924724102
0.754906319797094	2.9221425056
0.755739604778988	2.9195401669
0.756572890158266	2.916893959
0.757406169245489	2.9141728878
0.758239452372888	2.9114086628
0.759072732983421	2.9086077213
0.759906015978368	2.905780077
0.760739298310999	2.9028942585
0.761572584021352	2.8999607563
0.762405873440722	2.8969609737
0.763239151931856	2.8939492702
0.764072437112428	2.8908689022
0.764905723154021	2.8877692223
0.765739010453909	2.8846030235
0.766572293051472	2.8813657761
0.767405577039809	2.8781061172
0.768238863809945	2.8747956753
0.769071310255203	2.8714318275
0.769904594375992	2.8680069447
0.77073788419284	2.8645372391
0.771571165796832	2.8610277176
0.772404443758229	2.8574359417
0.773237724964837	2.8538088799
0.774071005641721	2.8501055241
0.774904288371639	2.8463652134
0.775737566465488	2.8425457478
0.776570847937028	2.8386733532
0.777404131594304	2.8347709179
0.778237408628337	2.830794096
0.779070686656044	2.8267633915
0.779903967796425	2.8227105141
0.780737247612289	2.8185956478
0.781570529613665	2.8143932819
0.782403803932355	2.8101966381
0.783237080370326	2.8059253693
0.784069527212571	2.8016142845
0.784902804445411	2.797249794
0.785736078300363	2.7928562164
0.786569355334496	2.7884266376
0.787402636342539	2.7839357853
0.788235916158288	2.779409647
0.789069197298783	2.7748401165
0.789902480227406	2.7702527046
0.790735758586187	2.7656350136
0.791569035222837	2.760972023
0.792402319343722	2.7562568188
0.79323559677514	2.7515442371
0.794068875266484	2.746812582
