0	3.9599363804
0.000277484817176846	3.9496896267
0.000555245539541539	3.9449934959
0.00083300738780399	3.9415128231
0.00111076969970408	3.9386572838
0.00138853161422031	3.9361310005
0.00166629574744684	3.9338839054
0.00194405911904645	3.9318106174
0.00222182186141561	3.929882288
0.00249958384215786	3.9280884266
0.00277734446515576	3.9264030457
0.00305510644587023	3.924762249
0.00333286951942501	3.9232275486
0.00361062888401757	3.9217364788
0.003888390632941	3.9203145504
0.0041661522162994	3.9189281464
0.00444391505805758	3.9175846577
0.00472167796601955	3.9162948132
0.0049991618899837	3.9150161743
0.00527692499662371	3.9137938023
0.00555468691113994	3.9126076698
0.00583244773284365	3.9114441872
0.00611020977978414	3.9103114605
0.00638797086641967	3.9091727734
0.00666573218481848	3.9080767632
0.00694349376817688	3.9070188999
0.00722125419246896	3.9059581757
0.00749901627255023	3.904927969
0.0077767767630961	3.9039022923
0.00805453788281687	3.902933836
0.0083322988369726	3.9019384384
0.00861006008914539	3.9009757042
0.00888782127511994	3.9000277519
0.00916558232861469	3.8991031647
0.00944334603134436	3.8981893063
0.00972110870751529	3.8972659111
0.00999859289600881	3.8963794708
0.0102763557377448	3.8954966068
0.0105541169568323	3.8946304321
0.0108318784077387	3.8937599659
0.01110964081895	3.8929159641
0.011387403462008	3.8920619488
0.0116651650122256	3.8912394047
0.0119429279202153	3.8904285431
0.0122206905632733	3.8896071911
0.0124984525108747	3.8888237476
0.0127762141935721	3.8880257607
0.0130539768697153	3.8872220516
0.013331737790758	3.8864612579
0.0136094994734277	3.8857028484
0.0138872632424111	3.8849320412
0.0141650260179211	3.8841786385
0.0144427876674777	3.8834278584
0.0147202729146107	3.8826882839
0.0149980358888264	3.8819708824
0.015275800022053	3.8812334538
0.0155535620690212	3.880521059
0.015831324910785	3.879806757
0.0161090890108985	3.8790855408
0.0163868531772658	3.8784074783
0.0166646162176798	3.8777163029
0.0169423788938507	3.8770341873
0.0172201418018405	3.8763446808
0.0174979054383441	3.875664711
0.0177756695053724	3.8749878407
0.0180534330093963	3.8743104935
0.0183311955531152	3.8736519814
0.0186089567721749	3.8729913235
0.0188867215677449	3.8723223209
0.0191644866613597	3.8716750145
0.019442250927066	3.8710205555
0.0197197373652966	3.8703949451
0.0199975002401678	3.8697638512
0.0202752637773047	3.8691282272
0.0205530256918209	3.8684976101
0.02083078810306	3.8678719997
0.0211085516070839	3.8672702312
0.0213863167006987	3.8666484356
0.0216640794430678	3.8660445213
0.0219418423510576	3.8654170036
0.0222196043980258	3.8647954464
0.0224973661800623	3.8642067909
0.0227751314061291	3.8636057377
0.0230528956386946	3.8630180359
0.0233306598381749	3.8624322414
0.0236084222494141	3.8618197441
0.0238861859521437	3.8612527847
0.024163949952946	3.860673666
0.0244414348692524	3.8601033688
0.024719197677853	3.8595221043
0.0249969603540185	3.8589668274
0.0252747231957321	3.858397007
0.0255524868653706	3.8578248024
0.025830250634354	3.8572609425
0.0261080152643312	3.8567075729
0.0263857780729541	3.8561635017
0.0266635417425926	3.8555915356
0.0269413056440063	3.8550400734
0.0272190696779154	3.8544893265
0.0274968322215841	3.8539447784
0.0277745955931778	3.8533995152
0.0280523588985015	3.8528544903
0.0283301204156568	3.8523085117
0.0286078838203473	3.8517725468
0.0288856470263762	3.851238966
0.0291634096362709	3.8507127762
0.0294408935270177	3.8501811028
0.0297186568323635	3.8496553898
0.0299964218266393	3.8491265774
0.030274184734629	3.8486001492
0.0305519497951031	3.8480837345
0.0308297138290184	3.847561121
0.0311074784258547	3.8470387459
0.0313852419630194	3.8465335369
0.0316630062287257	3.846010685
0.0319407696334603	3.8455097675
0.0322185330381451	3.8450164795
0.0324962977674891	3.844504118
0.0327740603111802	3.8440217972
0.0330518239145986	3.8435018063
0.0333295866569956	3.8429918289
0.0336073496311835	3.8425118923
0.033885113267715	3.8420155048
0.0341625979525445	3.8415188789
0.0344403616553019	3.8410317898
0.0347181244638971	3.8405425549
0.0349958879679487	3.8400449753
0.035273649882465	3.8395655155
0.0355514122936763	3.8390870094
0.0358291744731244	3.8385927677
0.0361069369837025	3.8380885124
0.0363846994943084	3.837621212
0.0366624642236524	3.8371386528
0.0369402263699596	3.8366725445
0.0372179881520239	3.8361940384
0.0374957515236176	3.8357241154
0.0377735146965114	3.8352398872
0.0380512774719936	3.8347694874
0.0383290413734291	3.8343002796
0.0386068049437067	3.8338303566
0.0388845687126902	3.8333654404
0.0391620541253329	3.8328950405
0.0394398169008429	3.8324546814
0.0397175815639331	3.8319761753
0.0399953478828124	3.8315057755
0.0402731115855698	3.8310542107
0.0405508764473381	3.8305866718
0.040828641276021	3.8301417828
0.0411064040183902	3.8296859264
0.04138416692638	3.8292331696
0.0416619300992737	3.8287732601
0.0419396935039586	3.8283216953
0.0422174576372129	3.8278884888
0.0424952204126951	3.8274524212
0.0427729842147915	3.8270089626
0.0430507453345353	3.8265402317
0.0433285081762991	3.8260900974
0.0436062706868772	3.8256611824
0.0438837565958017	3.8252112865
0.0441615198349215	3.8247787952
0.0444392826104314	3.8243517876
0.0447170461807091	3.8239088058
0.0449948099828055	3.8234660625
0.0452725744803307	3.8230235577
0.0455503365603842	3.8225984573
0.0458280982430816	3.8221569061
0.0461058610848175	3.8217365742
0.0463836255161167	3.8212897778
0.0466613905766185	3.8208611012
0.046939154577393	3.8204350471
0.0472169188099863	3.8200142384
0.0474946820822191	3.8195827007
0.0477724457187505	3.8191719055
0.0480502107461393	3.818734169
0.0483279751443191	3.8183085918
0.048605740502838	3.8178908825
0.0488832291906958	3.8174602985
0.0491609940855771	3.8170495033
0.0494387577552215	3.8166279793
0.0497165240741008	3.8162021637
0.0499942889689821	3.8157894611
0.0502720542943879	3.8153955936
0.0505498188581113	3.8149452209
0.0508275841504041	3.8145415783
0.0511053491115114	3.8141291142
0.0513831124168849	3.8137300014
0.0516608758547106	3.8133051395
0.0519386396236662	3.8129053116
0.0522164048166201	3.8124828339
0.0524941696783883	3.8120729923
0.0527719338778686	3.8116729259
0.0530496968189713	3.8112688065
0.0533274587334598	3.8108639717
0.0536049445430063	3.8104624748
0.053882707484109	3.8100545406
0.0541604714186575	3.8096511364
0.0544382337305576	3.8092620373
0.0547159958106389	3.8088643551
0.0549937596127075	3.8084762096
0.0552715228849681	3.8080611229
0.0555492865545848	3.8076798916
0.0558270504560203	3.8072712421
0.056104814291202	3.8068683147
0.0563825770667119	3.8064866066
0.0566603405045375	3.8060982227
0.0569381031475677	3.805696249
0.0572158658237386	3.8053143024
0.0574936299569651	3.8049175739
0.0577713921364132	3.8045291901
0.0580491567332773	3.8041334152
0.0583266425759037	3.8037552834
0.0586044059474755	3.8033587933
0.0588821688885783	3.8029732704
0.059159932657534	3.8025789261
0.0594376971550591	3.8021931648
0.0597154614538999	3.8018238544
0.0599932238982295	3.8014352322
0.060270986541282	3.8010573387
0.0605487500784246	3.8006670475
0.0608265148740159	3.8002891541
0.0611042793384064	3.799916029
0.0613820433723156	3.7995290756
0.0616598066114133	3.7991681099
0.0619375693869455	3.7987680435
0.062215333089681	3.7983837128
0.0624930960970041	3.7980229855
0.0627708594023278	3.7976298332
0.0630486213830649	3.7972562313
0.063326104744643	3.7968738079
0.0636038681824409	3.7965035439
0.0638816331435759	3.7961370945
0.0641593965813737	3.7957663536
0.064437158628342	3.795391798
0.0647149193507067	3.7950193882
0.0649926824905095	3.7946519852
0.0652704448686079	3.7942967415
0.0655482071142819	3.7939124107
0.0658259687638663	3.7935507298
0.0661037317711673	3.7931771278
0.0663814943811122	3.7928154469
0.0666592571565944	3.7924575806
0.0669370181107501	3.7920980453
0.0672147790317929	3.7917349339
0.067492541741049	3.7913603783
0.0677703046490388	3.7909960747
0.0680477889699617	3.7906479836
0.0683255505202071	3.7902851105
0.0686033132294632	3.7899067402
0.0688810740511669	3.7895610332
0.0691588356344976	3.789203167
0.0694365971516299	3.7888514996
0.0697143586356493	3.7884938717
0.0699921218085154	3.7881262302
0.0702698836899186	3.7877731323
0.0705476454719778	3.7874157429
0.0708254085124195	3.7870550156
0.071103170493134	3.7866916656
0.0713809327719211	3.7863335609
0.0716586962759449	3.7859940529
0.0719364581573482	3.7856490612
0.0722142210322249	3.7852802277
0.0724919829467134	3.7849314213
0.0727697448612296	3.7845849991
0.073047230637779	3.7842383385
0.0733249910620988	3.783878088
0.0736027525129774	3.7835376263
0.0738805167455708	3.7831804752
0.0741582790574708	3.7828257084
0.0744360398791468	3.7824890614
0.0747138020254818	3.7821297646
0.0749915649996698	3.7817931175
0.0752693266823672	3.7814555168
0.075547087868314	3.7811012268
0.075824852862611	3.7807478905
0.0761026155387541	3.7804129124
0.0763803767909547	3.7800729275
0.0766581398313687	3.7797346115
0.0769359010504563	3.7793943882
0.0772136635279214	3.779037714
0.0774914268663802	3.7786986828
0.0777689126429573	3.778346777
0.0780466752859875	3.778015852
0.078324439121197	3.7776648998
0.0786022017642271	3.7773253918
0.078879964274833	3.7769935131
0.0791577263218013	3.7766666412
0.0794354876070871	3.7763271332
0.0797132518728211	3.7759816647
0.0799910142840325	3.775649786
0.0802687772251352	3.7753145695
0.0805465406960739	3.7749760151
0.0808243042663515	3.7746267319
0.0811020676710641	3.774324894
0.0813798299498459	3.7739808559
0.0816575932551917	3.7736434937
0.0819353562956335	3.7733106613
0.0822131199321649	3.7729794979
0.0824908819791054	3.7726454735
0.0827683682519365	3.7723197937
0.0830461306631478	3.7719752789
0.0833238944983573	3.7716469765
0.0836016571745005	3.7712986469
0.0838794205129871	3.7709672451
0.08415718534167	3.7706420422
0.0844349498391674	3.7703261375
0.0847127135088118	3.7699968815
0.0849904764167738	3.7696709633
0.0852682411792308	3.769339323
0.0855460054449649	3.7689909935
0.0858237703729591	3.7686676979
0.0861015342081686	3.768335104
0.0863792986725529	3.7680249214
0.0866570623090844	3.7676782608
0.0869348252832945	3.7673678398
0.0872125888535999	3.767029047
0.0874900742000829	3.7667212486
0.0877678359158933	3.7663865089
0.0880455986913755	3.766064167
0.0883233610695016	3.7657504082
0.0886011254345469	3.7654399872
0.088878887580882	3.7650971413
0.0891566508531426	3.7647817135
0.0894344121053154	3.7644631863
0.0897121753775759	3.7641284466
0.0899899384179899	3.7638170719
0.0902677015577707	3.7634963989
0.0905454644657605	3.7631890774
0.0908232282678292	3.7628486156
0.0911009915400897	3.7625398636
0.0913787551765934	3.7622251511
0.091656516362568	3.7619102001
0.0919342791380779	3.761582613
0.0922120407214085	3.7612712383
0.0924895229249704	3.7609775066
0.0927672849388483	3.7606368065
0.0930450460585459	3.7603104115
0.0933228094964212	3.760001421
0.093600571212181	3.7596783638
0.093878333987741	3.7593781948
0.0941560964320705	3.7590527534
0.0944338573531086	3.7587323189
0.0947116208571382	3.7584142685
0.0949893838644613	3.7581071854
0.095267146043859	3.7578041553
0.0955449077596922	3.7574999332
0.0958226709325638	3.7571821213
0.0961004339398869	3.7568740845
0.0963781979406396	3.7565572262
0.0966559602856751	3.756251812
0.0969337236903657	3.7559356689
0.0972112101284854	3.7556197643
0.0974889738312151	3.7552981377
0.097766736408047	3.7550244331
0.0980445001107984	3.7547187805
0.0983222625882636	3.754390955
0.0986000235423915	3.7540874481
0.0988777860529974	3.7537705898
0.0991555471064644	3.7534809113
0.0994333096170703	3.7531599998
0.0997110725912861	3.7528612614
0.0999888356979261	3.7525453568
0.100266598473436	3.7522370815
0.100544359758722	3.7519216537
0.100822121441419	3.7516241074
0.101099885673985	3.7513229847
0.101377647356682	3.751023531
0.101655409204972	3.7507231236
0.101933171152574	3.7504210472
0.102210654778791	3.7501060963
0.102488417388708	3.7498157024
0.102766178309751	3.7495200634
0.103043939727517	3.7492136955
0.103321700151837	3.7489082813
0.103599463026708	3.7486104965
0.103877225802218	3.7483158112
0.104154988941971	3.7479944229
0.104432750856487	3.7476913929
0.104710513400206	3.7473902702
0.104988276407507	3.7470972538
0.105266038454475	3.7468140125
0.105543802157205	3.7465054989
0.105821563144473	3.7461862564
0.106099323866838	3.7458975315
0.106377086377416	3.7456026077
0.106654847993888	3.745295763
0.106932331950904	3.7450094223
0.107210093997872	3.7447149754
0.107487856044813	3.7444059849
0.10776561878721	3.7441124916
0.108043382655504	3.7438225746
0.108321144238863	3.7435309887
0.108598905656656	3.7432377338
0.108876666345903	3.7429308891
0.109154428094799	3.7426438332
0.109432190671631	3.7423565388
0.109709953546508	3.7420675755
0.109987714599975	3.7417666912
0.110265476812536	3.7414755821
0.110543239124408	3.741181612
0.11082100262846	3.7408761978
0.111098764244931	3.7405891418
0.111376524834788	3.7402927876
0.111654287146688	3.7400057316
0.111931770177412	3.7397203445
0.112209533085402	3.7394127846
0.112487295927137	3.7391338348
0.112765059100031	3.7388420105
0.113042823597529	3.7385337353
0.113320585876316	3.7382309437
0.11359834798951	3.7379581928
0.113876109009864	3.7376666069
0.114153872017193	3.7373788357
0.11443163545504	3.7370772362
0.114709396409196	3.7367913723
0.114987157992527	3.7365028858
0.115264919708337	3.7362110615
0.11554268192087	3.7359280586
0.11582044482886	3.735640049
0.116098208929001	3.7353379726
0.116375972929776	3.7350764275
0.116653458607113	3.7347788811
0.116931222243617	3.7344748974
0.117208983893201	3.7341985703
0.11748674534408	3.7339127064
0.117764507887799	3.7336063385
0.118042271656755	3.7333331108
0.118320035591331	3.7330355644
0.118597799161636	3.7327640057
0.118875561970231	3.7324774265
0.119153322791935	3.7321956158
0.119431086428439	3.7319242954
0.119708848939045	3.7316346169
0.119986612939841	3.7313599586
0.120264375649125	3.7310709953
0.120542138093449	3.7307703495
0.120819899014492	3.7305071354
0.121097661227053	3.7302277088
0.121375423141541	3.7299392223
0.121652908322653	3.7296483517
0.121930671462406	3.7293729782
0.122208435959931	3.7290949821
0.122486199165938	3.7287955284
0.122763962272605	3.7285220623
0.123041725246821	3.7282383442
0.123319487061971	3.7279679775
0.123597248612216	3.7276644707
0.123875010924088	3.7274057865
0.124152773567146	3.7271091938
0.124430535249816	3.7268328667
0.12470829855519	3.7265470028
0.124986060370367	3.7262816429
0.12526382304651	3.7259917259
0.125541586384991	3.7257142067
0.125819349624138	3.7254476547
0.126097111339949	3.7251639366
0.126374596157015	3.7248837948
0.126652358601345	3.724596262
0.126930119754202	3.7243351936
0.127207880708334	3.7240440845
0.127485641662513	3.7237708569
0.127763402782211	3.7234947681
0.128041164199999	3.723221302
0.128318926809894	3.7229342461
0.128596687764073	3.7226583958
0.128874448983137	3.7224001884
0.129152210930789	3.7221136093
0.129429973540684	3.7218251228
0.129707736647374	3.7215447426
0.129985498859884	3.721272707
0.130263261138666	3.7210018635
0.130541023251838	3.7207417488
0.130818785265716	3.720471859
0.131096547676955	3.7201912403
0.131374031303062	3.719909668
0.131651794575295	3.7196471691
0.131929556953421	3.7193658352
0.132207320623038	3.7190830708
0.132485082802486	3.7188091278
0.132762845180612	3.7185492516
0.133040607360033	3.7182650566
0.133318370532926	3.7179899216
0.133596134599927	3.7177193165
0.133873897209872	3.7174594402
0.134151659786704	3.7171809673
0.134429420111629	3.7169213295
0.134707182423529	3.716647625
0.134984946258711	3.7163696289
0.135262709597197	3.7160942554
0.135540472372707	3.715834856
0.135818236605273	3.715567112
0.136095720959303	3.7153010368
0.136373484794535	3.7150080204
0.136651248530377	3.7147367001
0.136929011637045	3.7144744396
0.137206774677487	3.714193821
0.137484538148398	3.7139220238
0.137762301188839	3.7136657238
0.138040065520772	3.7133865356
0.138317828892371	3.7131197453
0.138595592131491	3.7128551006
0.138873355569317	3.7125887871
0.13915111993439	3.7123134136
0.13942888304103	3.7120685577
0.139706647008719	3.7117948532
0.139984411406878	3.7115340233
0.140262176235561	3.7112472057
0.140539941395401	3.7109749317
0.140817706124718	3.7106952667
0.141095192397549	3.7104296684
0.141372955073692	3.710180521
0.141650717584298	3.7099282742
0.141928481022145	3.7096517086
0.142206242837322	3.7093808651
0.142484004188834	3.7091195583
0.14276176514299	3.7088751793
0.143039526958139	3.7085990906
0.143317289369379	3.7083382607
0.143595052244227	3.7080714703
0.143872814821059	3.7078177929
0.144150578755636	3.7075378895
0.144428341895389	3.7072815895
0.144706105101423	3.7070248127
0.144983868506108	3.7067606449
0.145261633036746	3.7064950466
0.145539396971323	3.7062394619
0.145816881424593	3.7059509754
0.146094642974838	3.7056980133
0.146372403597808	3.705429554
0.146650164651303	3.7051913738
0.14692792726122	3.7049155235
0.147205688513421	3.7046420574
0.147483451520744	3.7043759823
0.147761214726778	3.7041285038
0.148038977502261	3.7038807869
0.148316739714822	3.7036085129
0.148594502490332	3.7033424377
0.148872263676278	3.7031013966
0.14915002469666	3.7028274536
0.149427786246878	3.70256567
0.149705548293846	3.7023010254
0.149983310473266	3.7020442486
0.150261073513708	3.7017815113
0.150538836222992	3.701529026
0.150816321602555	3.7012693882
0.151094083417732	3.7010288239
0.151371845961423	3.7007484436
0.151649609564842	3.7005126476
0.15192737253903	3.7002360821
0.152205134950269	3.700001955
0.15248289656674	3.6997215748
0.152760658282523	3.6994774342
0.15303842039574	3.69921875
0.153316182409595	3.6989705563
0.153593944622156	3.6987175941
0.153871706172374	3.698464632
0.154149468947883	3.6982004642
0.154427231624027	3.6979453564
0.154704993174272	3.6976876259
0.154982758234774	3.6974093914
0.155260523758858	3.6971800327
0.155538008443687	3.6969189644
0.155815772212671	3.6966567039
0.156093535816089	3.6964178085
0.156371299154548	3.6961507797
0.156649062426809	3.695889473
0.156926825003613	3.6956589222
0.157204587911602	3.6953954697
0.157482351680586	3.6951322556
0.157760113230803	3.6948742867
0.158037876734855	3.694627285
0.158315639311682	3.6943721771
0.15859340278262	3.6941211224
0.15887116694896	3.6938693523
0.15914893022122	3.693614006
0.15942669286425	3.6933615208
0.159704455904692	3.6931014061
0.159982218183479	3.6928570271
0.160259981091441	3.6925947666
0.16053746772804	3.6923499107
0.160815231397635	3.6920850277
0.161092992815423	3.691848278
0.161370755094188	3.6915705204
0.161648517770381	3.6913268566
0.16192628077766	3.6910765171
0.162204043288288	3.6908450127
0.162481805335234	3.6905999184
0.162759567315971	3.6903662682
0.163037330157684	3.6900920868
0.16331509237024	3.6898536682
0.16359285541066	3.6895992756
0.163870618053712	3.6893463135
0.164148382385672	3.6890981197
0.164426146452673	3.6888377666
0.164703909857386	3.6886031628
0.164981672036828	3.688354969
0.165259156589366	3.6881072521
0.165536919927825	3.687846899
0.165814683299424	3.6876182556
0.166092447631357	3.6873574257
0.166370210539347	3.6871209145
0.166647974208991	3.6868834496
0.166925737150066	3.6866424084
0.167203502078088	3.6863946915
0.167481264754231	3.6861445904
0.167759028655667	3.6858992577
0.16803679242465	3.6856474876
0.168314555133906	3.68542099
0.168592318373054	3.6851449013
0.168870080684926	3.6849164963
0.169147843294871	3.6846556664
0.169425606136607	3.6844143867
0.169703369044597	3.6841812134
0.169981131820107	3.6839439869
0.170258616604094	3.6837022305
0.170536379843213	3.6834344864
0.170814143877129	3.6832001209
0.171091907480519	3.6829595566
0.171369669891758	3.682718277
0.171647433462064	3.6824727058
0.171925198025787	3.6822190285
0.172202960701958	3.6819791794
0.17248072407353	3.6817457676
0.172758486915294	3.6814968586
0.173036249591465	3.681271553
0.173314011307247	3.6810092926
0.173591775076231	3.6807584763
0.173869538514029	3.6805171967
0.174147301620696	3.6802723408
0.1744250652572	3.6800336838
0.174702828396981	3.6797950268
0.174980312089248	3.6795401573
0.175258074069991	3.6793067455
0.175535835553982	3.6790642738
0.175813596475025	3.6788268089
0.176091358654445	3.6785755157
0.176369120734526	3.6783266068
0.176646883013314	3.6780800819
0.17692464370251	3.6778502464
0.177202405583913	3.6776025295
0.17748016663738	3.6773633957
0.177757928618122	3.6771197319
0.178035691757903	3.6768903732
0.178313456089835	3.6766340733
0.178591218302396	3.6764130592
0.178868981574629	3.676166296
0.179146743886529	3.6759402752
0.179424506363994	3.6756818295
0.179702268278483	3.6754491329
0.17997975395582	3.6752140522
0.180257516996234	3.6749749184
0.180535279904218	3.6747398376
0.180813043043999	3.6744840145
0.181090805256533	3.674264431
0.18136856789959	3.6740143299
0.181646329714768	3.673763752
0.181924092390911	3.6735510826
0.182201855067082	3.6733124256
0.182479615789419	3.673074007
0.182757377968867	3.6728546619
0.183035141439805	3.6726076603
0.183312903122475	3.672385931
0.183590664805172	3.6721396446
0.183868426885226	3.6718931198
0.184146187408885	3.6716673374
0.184423949091582	3.6714169979
0.184701433511773	3.6711814404
0.184979195823673	3.6709609032
0.185256956016146	3.670719862
0.185534717169007	3.6704816818
0.185812479514015	3.6702446938
0.186090239971448	3.6700127125
0.186368001091169	3.6697919369
0.186645763204363	3.6695427895
0.186923527072658	3.6693003178
0.187201290841641	3.6690704823
0.187479054577484	3.668847084
0.187756818611399	3.668608427
0.188034581651841	3.6683833599
0.188312344692255	3.6681511402
0.1885901062425	3.667914629
0.188867868421921	3.6676826477
0.189145630800047	3.6674580574
0.189423392847015	3.667229414
0.189700878259658	3.6669716835
0.189978640273513	3.666741848
0.19025640145946	3.6665439606
0.190534162082458	3.6663148403
0.190811924957307	3.6660645008
0.191089687004275	3.6658358574
0.191367449912259	3.6656012535
0.191645212919588	3.6653738022
0.191922975993115	3.6651425362
0.192200739728985	3.664911747
0.192478503729788	3.6646931171
0.19275626700202	3.6644644737
0.193034029711304	3.6642370224
0.193311793447147	3.6640110016
0.193589555990866	3.6637670994
0.193867319826048	3.6635293961
0.19414508180679	3.6633172035
0.194422567020953	3.6630852222
0.194700330955551	3.6628599167
0.19497809409531	3.6626338959
0.19525585756627	3.6623966694
0.195533621931294	3.6621572971
0.19581138556782	3.6619279385
0.196089149502346	3.6617062092
0.196366913238211	3.6614663601
0.196644675914359	3.6612501144
0.196922437133442	3.6610155106
0.197200199279777	3.660795927
0.197477962121541	3.6605746746
0.19775572546	3.6603529453
0.198033489692614	3.6601028442
0.198311252699921	3.6598997116
0.198589015343001	3.6596610546
0.198866778250941	3.6594188213
0.199144264589793	3.6592116356
0.199422028424975	3.6589934826
0.199699792061506	3.6587734222
0.199977556194733	3.6585433483
0.200255320791597	3.658305645
0.200533086183229	3.6580920219
0.200810850382709	3.6578643322
0.201088614052354	3.6576445103
0.201366377887535	3.6574206352
0.201644141292248	3.6572039127
0.201921905988451	3.6569750309
0.202199670121705	3.6567687988
0.202477433990028	3.6565368176
0.202755196633058	3.6563088894
0.203032960236476	3.6560742855
0.203310722647738	3.6558482647
0.203588484926525	3.6556301117
0.203866248198758	3.6554098129
0.204143733247522	3.6551682949
0.204421496354162	3.6549479961
0.204699258831627	3.6547312737
0.204977019653303	3.6545205116
0.205254781137322	3.6543054581
0.205532543647928	3.6540660858
0.205810305761095	3.6538460255
0.206088067808063	3.6536183357
0.206365829855003	3.6534192562
0.206643593723326	3.6531858444
0.206921356664401	3.6529524326
0.207199121393745	3.6527292728
0.207476884103029	3.6525104046
0.207754647209669	3.6523025036
0.208032411111104	3.6520760059
0.20831017534367	3.6518466473
0.208587939344472	3.6516382694
0.208865426344977	3.6514129639
0.209143189451645	3.6511933804
0.209420951862857	3.6509838104
0.209698714903298	3.6507558823
0.209976478804706	3.6505215168
0.21025424164647	3.6503124237
0.210532006740085	3.650094986
0.210809772231055	3.6498806477
0.211087536993512	3.6496624947
0.211365300033926	3.6494550705
0.211643065293106	3.6492290497
0.211920829525672	3.6490154266
0.212198592499887	3.648815155
0.212476356235758	3.6485910416
0.212754120037827	3.6483614445
0.213031883045155	3.6481466293
0.213309647211495	3.6479201317
0.213587410583095	3.6477110386
0.213864896855787	3.6475014687
0.214142660624771	3.6472923756
0.214420423168462	3.6470794678
0.214698186076451	3.6468634605
0.214975949348684	3.6466374397
0.215253714078028	3.6464109421
0.215531477317176	3.6462090015
0.215809242642554	3.6459863186
0.216087007239418	3.6457707882
0.216364771935621	3.6455626488
0.216642536433146	3.6453521252
0.216920300533288	3.6451275349
0.217198065097011	3.6449153423
0.217475828170566	3.644708395
0.217753590879822	3.6444935799
0.218031353291061	3.6442780495
0.218309116960678	3.6440405846
0.218586603531256	3.6438515186
0.21886436776387	3.6436471939
0.219142131036131	3.6434268951
0.219419894010319	3.6432261467
0.219697656421558	3.6430149078
0.219975420091175	3.6427929401
0.220253183098504	3.642591238
0.220530946668809	3.6423630714
0.220808710040381	3.6421706676
0.221086473809364	3.6419458389
0.22136423711471	3.6417443752
0.221642000320745	3.6415381432
0.221919763957276	3.6413304806
0.222197527196396	3.6411011219
0.222475288746641	3.6408879757
0.222753049733882	3.6406869888
0.223030810986083	3.6404800415
0.223308573629141	3.6402606964
0.223586057685425	3.6400692463
0.223863821487493	3.6398603916
0.224141583402009	3.6396694183
0.224419344720459	3.639446497
0.224697107264178	3.6392314434
0.224974871529884	3.6390154362
0.225252633676219	3.6388249397
0.225530395988119	3.6386153698
0.22580815803506	3.6384048462
0.226085922598811	3.6381969452
0.226363686036609	3.63798666
0.226641449904931	3.6377911568
0.226919213673915	3.6375777721
0.227196977310418	3.6373720169
0.227474739489866	3.6371750832
0.227752502960777	3.6369700432
0.2280302657694	3.6367723942
0.228307751810506	3.6365652084
0.228585514254835	3.6363694668
0.228863276997255	3.6361513138
0.229141038216319	3.6359369755
0.229418800495101	3.6357483864
0.229696563204362	3.6355443001
0.229974325483172	3.6353330612
0.230252087927496	3.6351256371
0.230529849014132	3.6349232197
0.23080761152471	3.634718895
0.231085374465835	3.6345193386
0.231363137804272	3.6343100071
0.231640900016855	3.6341123581
0.231918664481246	3.6339092255
0.232196427521682	3.633701086
0.232474190860146	3.6334934235
0.232751954596011	3.633300066
0.233029717470838	3.6330926418
0.233307202122505	3.6329107285
0.233584964666224	3.6327004433
0.233862728435179	3.6324872971
0.234140492204163	3.6322915554
0.234418256072458	3.632089138
0.23469601901356	3.6318941116
0.234973782153341	3.631695509
0.235251545558026	3.6314945221
0.235529310022438	3.631280899
0.235807073725168	3.6310791969
0.236084836368226	3.630895853
0.236362599706707	3.6306772232
0.2366403628796	3.6304972172
0.236918127310872	3.6302890778
0.237195889788337	3.6300942898
0.237473653822224	3.6298835278
0.237751417028259	3.6296942234
0.238028902374742	3.6294839382
0.238306666806041	3.6293156147
0.238584429780257	3.6291108131
0.238862192621993	3.6289162636
0.239139956755247	3.6287369728
0.23941771943139	3.6285431385
0.239695482538058	3.6283504963
0.239973245710952	3.6281397343
0.240251007691666	3.6279511452
0.240528771427537	3.6277513504
0.240806536024373	3.6275658607
0.241084299760243	3.6273753643
0.241362062072144	3.6271729469
0.241639825509941	3.6269826889
0.241917589775669	3.6267957687
0.242195352816111	3.6265974045
0.242473115492282	3.6263873577
0.242750878532696	3.6261837482
0.243028362853647	3.6260066032
0.243306126092766	3.6258175373
0.243583890159795	3.6256177425
0.243861655981923	3.625423193
0.244139419817133	3.6252248287
0.244417182559502	3.6250193119
0.244694946328485	3.6248214245
0.24497271095849	3.624655962
0.245250475455988	3.6244606972
0.24552824038401	3.6242516041
0.245806004749055	3.6240599155
0.246083767425226	3.6238744259
0.246361531127984	3.6236965656
0.246639294896939	3.6235022545
0.246917058533471	3.6233174801
0.247194822070607	3.6231217384
0.247472583653989	3.6229310036
0.247750068371898	3.6227319241
0.248027832240221	3.6225428581
0.248305595379974	3.62236619
0.248583359678821	3.6221721172
0.248861123215958	3.6219770908
0.249138887713483	3.621784687
0.249416651482438	3.6216118336
0.249694414257948	3.6214241982
0.249972178391203	3.6212391853
0.250249941862113	3.6210708618
0.250527705167487	3.6208732128
0.250805468207901	3.6206774712
0.251083231579501	3.6204938889
0.251360994719281	3.6202902794
0.251638758090853	3.6201028824
0.25191652189295	3.6199231148
0.252194284933364	3.6197252274
0.252472048437415	3.6195352077
0.252749534577788	3.6193525791
0.253027297717569	3.6191711426
0.253305061585864	3.6189851761
0.253582825950937	3.6187903881
0.253860587633607	3.6185984612
0.254138352131132	3.618418932
0.254416116992928	3.6182262897
0.254693880232048	3.6180589199
0.254971643802353	3.6178429127
0.255249407306377	3.6176791191
0.255527169982548	3.6175017357
0.255804933519685	3.6173119545
0.256082696990623	3.617143631
0.256360460097291	3.6169531345
0.256638223535089	3.6167547703
0.256915985217786	3.6165757179
0.257193749748397	3.6163871288
0.257471236252676	3.6162192822
0.257749001015133	3.6160264015
0.258026764883456	3.6158578396
0.258304528089462	3.6156768799
0.258582290798746	3.6154937744
0.258860054004753	3.6153092384
0.259137816051721	3.6151330471
0.259415579092163	3.6149384975
0.259693342430622	3.6147494316
0.259971105934674	3.6145927906
0.260248868312772	3.6143951416
0.260526630459107	3.6142208576
0.260804394161865	3.6140108109
0.261082155943901	3.6138563156
0.261359916765605	3.6136751175
0.261637679209929	3.6134850979
0.261915441190671	3.6133320332
0.262193203469431	3.613147974
0.262470690337616	3.6129522324
0.262748453543601	3.6127712727
0.263026216286048	3.6125795841
0.263303980750432	3.6124055386
0.2635817438571	3.6122436523
0.263859506599469	3.6120665073
0.264137268447782	3.6118836403
0.264415031753106	3.6117141247
0.264692794694203	3.6115231514
0.264970559655317	3.6113305092
0.265248322629527	3.6111621857
0.265526084146609	3.6110053062
0.265803848114292	3.6108093262
0.266081611121598	3.6106300354
0.266359374758124	3.610435009
0.266637138295266	3.6102645397
0.266914899646857	3.6100828648
0.267192384662513	3.6099047661
0.267470147106865	3.6097404957
0.267747908557744	3.6095564365
0.268025671035209	3.6093802452
0.268303435267774	3.6092014313
0.268581196619314	3.6090445518
0.268858959196118	3.6088731289
0.269136722170334	3.608695507
0.269414483488783	3.6085293293
0.269692246098728	3.6083288193
0.2699700094703	3.6081588268
0.270247769662801	3.6080083847
0.270525532637017	3.6078157425
0.27080329531316	3.6076409817
0.2710810566647	3.6074838638
0.271358820433655	3.6073105335
0.271636583242278	3.6071431637
0.271914346945036	3.6069602966
0.272191831530625	3.6067626476
0.272469593941864	3.6065988541
0.272747357379662	3.606439352
0.273025119426631	3.6062560081
0.273302881043074	3.6060936451
0.273580645408147	3.6059246063
0.273858407554455	3.6057360172
0.274136169170926	3.6055626869
0.274413932410074	3.605386734
0.274691695450488	3.6052172184
0.27496945859029	3.6050350666
0.275247221730071	3.6048710346
0.275524985863326	3.6046919823
0.27580274890374	3.6045417786
0.276080511546797	3.6043634415
0.27635827468655	3.6041684151
0.276636037859444	3.6040022373
0.276913523272087	3.6038262844
0.277191285948258	3.603648901
0.277469047564729	3.6034824848
0.277746810340212	3.6033220291
0.278024572254728	3.6031534672
0.278302333043291	3.602969408
0.278580095520756	3.602802515
0.278857855514579	3.602632761
0.279135618753699	3.6024580002
0.279413381893479	3.6023075581
0.279691144006646	3.602107048
0.279968906285433	3.6019601822
0.280246668199921	3.601793766
0.280524429452145	3.6016111374
0.280802191764017	3.6014480591
0.28107995410903	3.6012811661
0.281357717149444	3.6011033058
0.281635480222999	3.6009442806
0.281912965172496	3.6007766724
0.28219073026611	3.6006119251
0.28246849267735	3.6004226208
0.282746253499025	3.6002676487
0.283024015943378	3.6000914574
0.283301778420815	3.5999362469
0.283579540368444	3.5997576714
0.283857304567925	3.5995905399
0.284135067111616	3.5994164944
0.284412829026132	3.5992498398
0.284690590510123	3.599080801
0.284968353550565	3.5989196301
0.285246116193623	3.5987570286
0.285523878472382	3.5985839367
0.285801641247915	3.5984079838
0.286079403824747	3.5982494354
0.286357166037308	3.5980734825
0.286634651813857	3.5979123116
0.286912414788045	3.5977573395
0.287190178788847	3.597587347
0.287467942326012	3.5973908901
0.28774570765139	3.5972318649
0.288023469897064	3.5970773697
0.288301230818079	3.5969014168
0.288578993726069	3.5967507362
0.288856756336014	3.5965826511
0.289134519773811	3.5964155197
0.289412284006405	3.5962436199
0.289690046881254	3.5960819721
0.289967810087288	3.595913887
0.290245573326436	3.5957522392
0.290523336002579	3.5955936909
0.29080109808266	3.595426321
0.291078860791916	3.5952324867
0.291356624461583	3.595079422
0.291634107889293	3.5949292183
0.29191187205566	3.5947625637
0.292189635394119	3.5946087837
0.292467397904725	3.5944292545
0.292745161408749	3.5942790508
0.293022925442664	3.5941047668
0.293300686463018	3.5939512253
0.29357844996707	3.5937952995
0.293856212676354	3.5936303139
0.294133975915473	3.5934514999
0.294411739552005	3.5932919979
0.294689502195035	3.5931360722
0.29496726576534	3.5929613113
0.295245029567437	3.5928030014
0.295522792541625	3.5926494598
0.295800555250909	3.5924720764
0.296078319549728	3.5923030376
0.296355803738222	3.5921723843
0.29663356638128	3.5919868946
0.296911329719766	3.5918312073
0.29718909309136	3.5916774273
0.297466857820655	3.5915052891
0.29774462109291	3.5913367271
0.298022385226142	3.5911707878
0.298300148697103	3.59100914
0.298577911737522	3.5908358097
0.298855675241596	3.5906579494
0.299133439176122	3.590511322
0.299411201289339	3.5903635025
0.299688964329759	3.5901932716
0.299966728065651	3.5900330544
0.30024449166902	3.5898628235
0.300522254676343	3.5896983147
0.300800019836162	3.5895357132
0.301077783704507	3.5893828869
0.301355269315656	3.5892083645
0.301633033018414	3.5890493393
0.301910796489353	3.5888977051
0.30218856111933	3.5887241364
0.302466324358472	3.588583231
0.302744087630732	3.5884251595
0.303021851465942	3.5882706642
0.303299614605695	3.5880990028
0.303577379633083	3.5879414082
0.303855142110521	3.5877766609
0.30413290405815	3.5876069069
0.304410666171344	3.5874369144
0.30468842934421	3.5872950554
0.304966193543691	3.587130785
0.30524395678281	3.586961031
0.305521719757026	3.5868029594
0.305799484088958	3.5866477489
0.306076969600896	3.5864787102
0.30635473466137	3.5863230228
0.306632498794625	3.5861635208
0.306910261967519	3.5860209465
0.307188025372203	3.5858297348
0.307465788843142	3.5856831074
0.307743552711437	3.58552742
0.308021314890907	3.5853729248
0.308299078560524	3.5851914883
0.308576843157388	3.5850315094
0.308854608151636	3.584872961
0.309132370463536	3.5847158432
0.309410134464338	3.5845680237
0.309687898067729	3.5844111443
0.30996566133999	3.5842540264
0.310243425539442	3.5840866566
0.310521187785116	3.5839445591
0.310798949964564	3.5837728977
0.311076436038861	3.5836205482
0.311354198516298	3.5834722519
0.311631960861311	3.5832998753
0.31190972433225	3.5831437111
0.312187486147399	3.5829725266
0.312465248790457	3.5828392506
0.312743009678359	3.5826776028
0.313020771625988	3.5825240612
0.313298535229401	3.5823609829
0.313576298104277	3.5821967125
0.313854061045352	3.5820379257
0.314131825178607	3.581887722
0.314409587656072	3.58172822
0.31468734910695	3.5815653801
0.314965111816234	3.5813965797
0.315242875518964	3.5812559128
0.315520638890564	3.5810837746
0.315798125295687	3.5809435844
0.316075887309542	3.5807776451
0.31635365243627	3.5806074142
0.316631416668835	3.5804753304
0.316909179974209	3.5803089142
0.317186944372367	3.5801565647
0.317464708770553	3.5800001621
0.317742471546035	3.579842329
0.318020235348132	3.5796794891
0.318297999779431	3.5795137882
0.318575763084777	3.5793714523
0.318853526025874	3.5792233944
0.319131290092902	3.5790557861
0.319409056146878	3.5788891315
0.31968681905484	3.5787351131
0.319964583419913	3.5785722733
0.32024234695705	3.5784158707
0.320520109401402	3.5782551765
0.320797596170431	3.5781037807
0.321075359475805	3.5779447556
0.321353122416908	3.5777890682
0.321630884861232	3.5776391029
0.321908647537403	3.577483654
0.322186410842749	3.5773074627
0.322464174512393	3.5771670341
0.322741937453496	3.5770046711
0.323019700394571	3.5768475533
0.323297463964876	3.576695919
0.323575226144296	3.5765473843
0.323852989383444	3.5763816833
0.324130752953722	3.5762212276
0.32440851629223	3.5760655403
0.324686279696915	3.5759119987
0.324964042604905	3.5757563114
0.325241805579093	3.5755951405
0.325519289469977	3.5754525661
0.325797052477278	3.5752999783
0.326074814822291	3.5751326084
0.326352578491936	3.5749871731
0.326630342625162	3.574848175
0.326908105996762	3.5747010708
0.327185868672905	3.5745358467
0.327463632342549	3.5743842125
0.32774139607842	3.5742342472
0.328019158920156	3.5740735531
0.328296923285229	3.5739197731
0.328574687087298	3.5737690926
0.328852450127739	3.5736033916
0.329130214194768	3.5734531879
0.329407978228655	3.5733013153
0.329685740043832	3.573138237
0.329963503514793	3.5729866028
0.330241266621433	3.572840929
0.330518751041651	3.5726895332
0.330796513982748	3.5725319386
0.331074277420552	3.5723605156
0.331352041752506	3.5722022057
0.331629806250009	3.572063446
0.331907570118353	3.5719044209
0.332185334913902	3.5717422962
0.332463097954366	3.5715987682
0.332740862617435	3.5714268684
0.33301862708184	3.57127738
0.333296390718322	3.5711286068
0.333574155513885	3.5709581375
0.33385192024318	3.5708122253
0.334129684707586	3.5706644058
0.334407449933632	3.570515871
0.334685214994127	3.5703470707
0.334962978928653	3.5701951981
0.335240465664492	3.5700480938
0.335518231122399	3.5699160099
0.33579599614976	3.5697524548
0.336073761938803	3.56959939
0.336351526303849	3.5694503784
0.336629290536442	3.5693004131
0.336907055762481	3.5691387653
0.337184820359345	3.5690014362
0.337462584956209	3.5688326359
0.337740351142609	3.5687036514
0.338018118653668	3.5685567856
0.338295883548549	3.5683968067
0.33857364718508	3.5682499409
0.338851411781944	3.5681097507
0.339129176113877	3.5679457188
0.339406941373056	3.567797184
0.339684704678402	3.5676450729
0.339962470599898	3.5674848557
0.34023995707118	3.5673365593
0.340517723092015	3.5671851635
0.340795488218736	3.5670216084
0.341073253312351	3.5668737888
0.341351017710509	3.5667319298
0.341628782572305	3.5665714741
0.341906548096417	3.5664281845
0.342184311600441	3.5662667751
0.342462075965514	3.5661249161
0.342739840297446	3.5659663677
0.343017604099543	3.5658135414
0.343295369325582	3.5656557083
0.343573133094565	3.5654997826
0.343850896863549	3.5653421879
0.344128660135782	3.5652041435
0.344406423904765	3.5650629997
0.344684186349089	3.5648896694
0.344961672026427	3.5647497177
0.345239434967502	3.5646054745
0.345517199332575	3.5644328594
0.345794964061919	3.5642838478
0.346072727135446	3.5641229153
0.346350490407701	3.5639736652
0.346628254011119	3.56381917
0.34690601774699	3.5636832714
0.347183782012696	3.5635097027
0.347461544920686	3.5633690357
0.347739309583776	3.5632066727
0.348017074511798	3.5630655289
0.348294839009323	3.5629105568
0.348572603010097	3.562766552
0.348850366481036	3.5626146793
0.349128132435617	3.5624597073
0.349405896469532	3.5623090267
0.349683385322762	3.5621569157
0.3499611498534	3.5620129108
0.350238914946987	3.5618700981
0.350516678947789	3.5617222786
0.35079444470372	3.5615668297
0.351072210260916	3.5614171028
0.35134997499026	3.5612683296
0.351627739487758	3.5611047745
0.351905504316462	3.5609502792
0.352183268317237	3.5607998371
0.35246103304658	3.5606489182
0.352738797742784	3.5605049133
0.353016561015044	3.560346365
0.353294325611908	3.5601887703
0.353572088884141	3.5600566864
0.353849852918056	3.5598881245
0.354127615892244	3.5597419739
0.354405379561889	3.5595798492
0.354682864676813	3.5594563484
0.354960627617915	3.5592722893
0.355238389996014	3.5591320992
0.355516154195494	3.5589845181
0.355793916540507	3.5588209629
0.356071679912079	3.5586597919
0.35634944460831	3.5585165024
0.356627208476605	3.5583827496
0.356904972179362	3.5582354069
0.357182735219804	3.5580658913
0.35746049875699	3.5579278469
0.357738261664952	3.5577707291
0.358016025169004	3.5575995445
0.358293789434738	3.5574791431
0.358571552475152	3.5573136806
0.358849316177909	3.5571625233
0.359127082231857	3.5570178032
0.359404567644527	3.5568642616
0.35968233091676	3.556725502
0.359960093924089	3.5565638542
0.360237858454727	3.5564060211
0.360515621859412	3.5562646389
0.360793385164786	3.5561189651
0.361071147575997	3.5559670925
0.36134891098071	3.5558199883
0.361626675213275	3.5556526184
0.361904437194017	3.5555052757
0.362182201161707	3.555359602
0.362459962844376	3.5552299023
0.36273772621597	3.5550630093
0.363015490581043	3.5549190044
0.363293252826717	3.554756403
0.363571016595673	3.5546030998
0.363848779106279	3.5544567108
0.364126542080467	3.5543100834
0.364404028717066	3.5541541576
0.364681792287321	3.5540058613
0.364959554930402	3.5538499355
0.365237318335092	3.5536904335
0.365515081441782	3.5535490513
0.365792845575015	3.5533955097
0.366070608052502	3.5532467365
0.366348372318187	3.5530846119
0.366626136020938	3.5529439449
0.366903899326262	3.5527732372
0.367181663327058	3.5526194572
0.367459427824562	3.5524642467
0.367737192421447	3.5523159504
0.368014956852725	3.5521767139
0.368292722443111	3.5520255566
0.368570485914022	3.5518827438
0.368848249418074	3.5517258644
0.369125735790006	3.5515680313
0.369403499757667	3.5514216423
0.369681262764996	3.5512735844
0.369959026765798	3.5511128902
0.370236791296409	3.5509588718
0.370514554899827	3.550809145
0.370792320721956	3.5506606102
0.371070083729285	3.5505051613
0.371347847266449	3.5503466129
0.371625611300337	3.5502061844
0.371903373281079	3.550052166
0.372181137248741	3.5498967171
0.372458902342355	3.5497367382
0.372736666045113	3.5495996475
0.37301443206592	3.5494248867
0.373292196530332	3.5492808819
0.373569960365513	3.5491158962
0.373847724829926	3.5489609241
0.374125212425924	3.5488157272
0.374402976625377	3.5486598015
0.374680741851444	3.5485258102
0.374958507077511	3.5483589172
0.375236272469142	3.5482215881
0.375514037264712	3.5480744839
0.37579180189469	3.5479154587
0.376069567021417	3.547762394
0.376347334168205	3.5476107597
0.37662509946047	3.5474514961
0.376902863196341	3.5472872257
0.377180626567913	3.5471439362
0.377458390336896	3.5469968319
0.377736155960347	3.5468366146
0.378013919961121	3.5466842651
0.378291684061263	3.5465447903
0.378569449419781	3.5464081764
0.378846936188839	3.5462267399
0.379124700885042	3.546081543
0.37940246435603	3.5459356308
0.379680228754188	3.5457866192
0.379957992556285	3.5456438065
0.380235754669451	3.5454854965
0.380513517709893	3.5453345776
0.380791281545075	3.5451579094
0.381069047499683	3.545011282
0.381346810043402	3.5448620319
0.381624574938284	3.5447137356
0.381902339634514	3.5445487499
0.382180105026146	3.5443902016
0.382457868662678	3.5442373753
0.382735633491361	3.5440957546
0.383013395869459	3.5439445972
0.383291160333871	3.5437955856
0.383568924433985	3.5436367989
0.383846410276749	3.5434820652
0.384124173250937	3.5433213711
0.384401937847802	3.543172121
0.384679702146649	3.5430135727
0.384957467703894	3.5428624153
0.385235232797481	3.5427234173
0.385512996963849	3.5425581932
0.385790761362035	3.5424144268
0.386068524766719	3.5422451496
0.386346288800635	3.5420715809
0.386624052735183	3.5419368744
0.386901817530753	3.5417561531
0.387179581399048	3.5416288376
0.387457346194618	3.5414590836
0.38773511006294	3.5413239002
0.388012873732557	3.5411458015
0.388290638031404	3.5410003662
0.388568123510234	3.5408580303
0.388845888935007	3.5406908989
0.389123652538398	3.5405445099
0.389401415413274	3.5403747559
0.389679179149145	3.5402231216
0.38995694338171	3.5400686264
0.390234706521491	3.5399241447
0.390512471019038	3.5397593975
0.390790234920473	3.5396082401
0.391067999318632	3.5394489765
0.391345762955163	3.5392842293
0.391623526359848	3.5391345024
0.39190129224823	3.5389719009
0.392179055520491	3.5388102531
0.392456818594018	3.5386395454
0.392734583555153	3.5384867191
0.393012349013011	3.5383319855
0.393290113874807	3.5381991863
0.393567598857383	3.5380399227
0.393845362328322	3.5378940105
0.394123124176584	3.5377323627
0.394400888475431	3.5375554562
0.394678652012596	3.5374042988
0.39495641409265	3.5372481346
0.395234177331797	3.5370981693
0.395511939378738	3.5369429588
0.395789702419202	3.5367822647
0.396067464201238	3.5366318226
0.396345227440386	3.5364687443
0.396622990944409	3.5363240242
0.396900753885512	3.5361514091
0.397178519575217	3.536005497
0.397456282284473	3.5358614922
0.397734044927531	3.5356888771
0.398011808431555	3.5355317593
0.398289294307399	3.5353634357
0.398567057678993	3.5352005959
0.398844821845339	3.5350370407
0.399122585051367	3.5349092484
0.399400347429471	3.5347332954
0.399678111065996	3.5345847607
0.399955875331681	3.5344145298
0.400233639200025	3.5342583656
0.400511402174219	3.5341012478
0.400789165115344	3.5339443684
0.401066927957057	3.5337843895
0.401344690434545	3.5336046219
0.401622454435319	3.5334658623
0.401900218336755	3.5333003998
0.402177982072625	3.5331354141
0.402455745444219	3.5329756737
0.402733511067649	3.532823801
0.403011275200925	3.532664299
0.403288760249661	3.532490015
0.403566524482254	3.5323371887
0.40384428792008	3.5321919918
0.404122052152645	3.5320131779
0.404399817146921	3.5318565369
0.404677581247034	3.5316896439
0.404955345877039	3.5315306187
0.405233110010266	3.5313651562
0.40551087520322	3.531193018
0.405788639634519	3.5310432911
0.406066402807385	3.5309000015
0.406344168761993	3.5307300091
0.406621933557536	3.5305759907
0.406899699081647	3.5303981304
0.407177464307714	3.5302410126
0.407455229666233	3.5300779343
0.407732995653955	3.5299203396
0.40801048268754	3.5297501087
0.408288247781127	3.5296015739
0.408566012775403	3.5294244289
0.408843777968356	3.5292575359
0.409121541770425	3.5291135311
0.40939930626795	3.5289394855
0.409677071096606	3.5287764072
0.409954835196747	3.5286147594
0.410232600455927	3.5284535885
0.410510365417034	3.5283007622
0.410788132100184	3.5281267166
0.411065896465229	3.5279793739
0.411343659903055	3.5277986526
0.411621425228433	3.5276460648
0.411899189295461	3.5275008678
0.41217695432285	3.5273096561
0.412454720277431	3.5271501541
0.412732484476911	3.5269958973
0.413009971742083	3.5268354416
0.413287737332393	3.5266914368
0.413565503386369	3.5265161991
0.413843268612435	3.5263392925
0.41412103450079	3.5261893272
0.414398800058015	3.5260250568
0.414676565515873	3.5258617401
0.414954329549788	3.525703907
0.415232094775855	3.5255374908
0.415509861326525	3.5253517628
0.415787626651931	3.5252141953
0.416065390520226	3.525031805
0.416343155680067	3.5248727798
0.416620919548389	3.5247037411
0.416898687191872	3.5245270729
0.417176451391352	3.5243885517
0.417454214332427	3.5242078304
0.417731700406751	3.5240459442
0.418009462155697	3.5238804817
0.418287226520743	3.5237176418
0.418564991250087	3.5235612392
0.418842755284002	3.5233914852
0.419120518059484	3.5232391357
0.419398281662903	3.5230762959
0.4196760451007	3.5228960514
0.419953809167729	3.5227222443
0.420231572373763	3.5225803852
0.420509336142719	3.5223901272
0.420787101203221	3.5222115517
0.42106486394559	3.5220491886
0.421342628774273	3.5218920708
0.421620393901001	3.5217339993
0.421898157305686	3.5215809345
0.422175921240262	3.5214173794
0.422453684380015	3.5212304592
0.422731171016753	3.521065712
0.423008935282459	3.5208969116
0.42328670007805	3.5207448006
0.423564463813893	3.5205638409
0.423842228278305	3.5203974247
0.424119991616764	3.5202298164
0.424397755385747	3.5200583935
0.424675521936418	3.5198922157
0.424953284447024	3.5197060108
0.425231049275706	3.5195603371
0.425508811819398	3.5193915367
0.425786576316923	3.5192286968
0.426064340483262	3.5190653801
0.426342105047013	3.5188856125
0.426619867988116	3.5187256336
0.426897632518727	3.5185496807
0.427175397844132	3.5183880329
0.427452884249255	3.5182211399
0.427730648216945	3.5180425644
0.428008411720968	3.5179004669
0.428286174893862	3.5177204609
0.428563938894665	3.5175600052
0.428841702729896	3.5173895359
0.429119465406039	3.5172059536
0.429397229671773	3.5170469284
0.429674991884306	3.5168888569
0.429952757242853	3.5167229176
0.430230519919024	3.5165507793
0.430508282661393	3.5163655281
0.430786047158918	3.5162138939
0.431063811623303	3.516037941
0.431341574663744	3.5158815384
0.431619338896338	3.5156972408
0.431897103625654	3.5155396461
0.432174866268712	3.5153741837
0.432452351946021	3.5151860714
0.432730115218276	3.5150325298
0.433007878987238	3.5148544312
0.43328564368349	3.5146863461
0.433563409273807	3.5145282745
0.433841172248017	3.5143473148
0.434118936613041	3.5141749382
0.434396700481385	3.5140008926
0.434674465508774	3.5138318539
0.434952229973158	3.5136723518
0.435229993609689	3.5134835243
0.435507757312441	3.5133252144
0.435785520319747	3.5131428242
0.436063284254318	3.5129883289
0.436341047692121	3.5128147602
0.436618809143023	3.5126407146
0.436896572448346	3.5124680996
0.437174057993226	3.5122926235
0.437451821596644	3.5121388435
0.437729583279314	3.5119559765
0.438007346518462	3.511790514
0.438285108366752	3.5116150379
0.438562870314353	3.5114395618
0.43884063411645	3.5112595558
0.439118396792593	3.511089325
0.439396159203832	3.5109171867
0.439673921747551	3.510746479
0.439951685417168	3.5105781555
0.440229449451083	3.5104060173
0.440507212127226	3.5102612972
0.440784975432622	3.5100722313
0.441062739930119	3.5098974705
0.441340501712183	3.5097141266
0.441618263461079	3.509540081
0.441896025574273	3.5093598366
0.44217351141701	3.5091969967
0.442451273795136	3.509021759
0.442729035577173	3.5088486671
0.443006797988412	3.5086853504
0.443284560598357	3.5085012913
0.443562323870589	3.5083420277
0.443840085751993	3.5081560612
0.444117849984558	3.5079932213
0.444395613124339	3.5078232288
0.444673376164781	3.5076389313
0.444951140033075	3.5074794292
0.445228902742359	3.5073087215
0.445506666478202	3.5071208477
0.44578442971735	3.5069453716
0.44606219249286	3.5067756176
0.44633995546707	3.5065963268
0.446617718010761	3.5064125061
0.446895203324192	3.506259203
0.447172965900996	3.5060813427
0.447450729504414	3.5059168339
0.447728492313037	3.5057311058
0.448006254790475	3.5055437088
0.448284019420479	3.5053625107
0.448561782825164	3.5052061081
0.448839547620734	3.5050060749
0.449117312714321	3.5048408508
0.449395075158673	3.5046696663
0.449672839291928	3.504496336
0.449950602795952	3.5043189526
0.450228367657748	3.5041565895
0.450506132817561	3.5039753914
0.450783898474124	3.5038063526
0.451061661349001	3.5036361217
0.451339426674379	3.5034527779
0.451617190145318	3.5032866001
0.451894677840556	3.5030953884
0.452172442602985	3.5029373169
0.452450206471308	3.5027532578
0.45272797033963	3.5025966167
0.453005734837128	3.5024027824
0.453283497149028	3.5022289753
0.453561261381593	3.5020494461
0.453839025150577	3.5018649101
0.454116789780582	3.5016996861
0.454394552522951	3.5015361309
0.454672316391273	3.5013477802
0.4549500805245	3.5011775494
0.455227844326596	3.5010156631
0.455505607731281	3.5008325577
0.455783371963874	3.5006525517
0.4560611364614	3.5004732609
0.456338900329694	3.5003004074
0.456616388851985	3.500109911
0.456894153581329	3.4999382496
0.457171917151607	3.4997563362
0.457449681251748	3.4995880127
0.457727444855167	3.4993979931
0.45800520941889	3.4992213249
0.458282972459332	3.4990468025
0.4585607362614	3.4988725185
0.458838500262203	3.4986989498
0.459116262971487	3.4985249043
0.459394027336532	3.4983336926
0.45967179057568	3.4981715679
0.459949555967311	3.497998476
0.460227319372024	3.4978125095
0.460505082909161	3.4976317883
0.460782846909963	3.4974474907
0.461060608824479	3.4972627163
0.461338372990819	3.4970929623
0.461615857014023	3.496901989
0.46189362041873	3.4967243671
0.462171384253911	3.4965410233
0.462449147161901	3.4963626862
0.462726909937411	3.4961750507
0.463004672613554	3.4959893227
0.463282436415651	3.4958081245
0.463560199489178	3.4956448078
0.463837960443333	3.4954602718
0.464115722324737	3.4952824116
0.464393483576909	3.4951155186
0.464671247511486	3.4949173927
0.464949009392861	3.4947574139
0.465226771108671	3.49457407
0.465504532923849	3.4943993092
0.465782294937676	3.4942171574
0.46606005777944	3.4940359592
0.466337541074721	3.4938702583
0.46661530375087	3.4936718941
0.466893065599155	3.4935088158
0.467170826189016	3.4933154583
0.467448591017693	3.4931344986
0.467726353064661	3.4929692745
0.468004116668052	3.4927670956
0.468281879840945	3.4925968647
0.468559641755457	3.4924094677
0.468837404663396	3.4922156334
0.46911516803499	3.4920463562
0.469392930711139	3.4918777943
0.469670694645709	3.4916932583
0.469948458911393	3.4915072918
0.470226222614173	3.4913372993
0.470503985157841	3.4911520481
0.470781749986518	3.490967989
0.471059512861344	3.4908094406
0.47133699880321	3.49061656
0.471614762009217	3.4904358387
0.471892525778201	3.4902489185
0.472170288388146	3.4900605679
0.472448052620711	3.4898672104
0.472725816124763	3.4897024632
0.473003578867132	3.4895176888
0.473281341112806	3.4893417358
0.473559104351926	3.4891524315
0.473836867723547	3.4889750481
0.474114630366577	3.4887931347
0.474392392016162	3.4886095524
0.474670154195582	3.4884374142
0.4749479188587	3.4882357121
0.47522568163421	3.4880628586
0.475503444045421	3.4878771305
0.475781207483247	3.4876904488
0.47605869269741	3.4875187874
0.476336457194936	3.4873282909
0.476614219241876	3.4871518612
0.476891983176452	3.4869589806
0.477169745587691	3.4867851734
0.477447508992376	3.4866023064
0.477725272032818	3.4864118099
0.478003033318104	3.4862217903
0.478280796060501	3.4860453606
0.478558557710085	3.4858620167
0.478836321081657	3.485658884
0.47911408531425	3.4854917526
0.479391847957303	3.4852967262
0.479669611825625	3.4851233959
0.479947373773227	3.4849386215
0.480225136548737	3.4847638607
0.480502901741663	3.48457551
0.480780664782104	3.4843873978
0.481058150657921	3.4842185974
0.481335912506212	3.4840424061
0.481613676473873	3.4838471413
0.481891438487728	3.4836575985
0.482169200799628	3.4834778309
0.482446964071861	3.4832968712
0.482724727211642	3.4831159115
0.483002491676026	3.4829246998
0.483280252994453	3.482749939
0.483558015769963	3.4825658798
0.483835777949383	3.4823656082
0.48411354224823	3.4821796417
0.484391305586689	3.4819974899
0.484669067534318	3.4818024635
0.484946830740347	3.4816255569
0.48522459354897	3.4814286232
0.485502356589384	3.4812531471
0.485779840844175	3.4810521603
0.486057604315086	3.4808785915
0.486335365832218	3.4807066917
0.486613129932332	3.4805016518
0.486890892840321	3.4803352356
0.487168655218448	3.4801506996
0.487446418258862	3.4799740314
0.487724182160297	3.4797735214
0.4880019468565	3.4795935154
0.48827971069171	3.4794178009
0.488557473400994	3.4792318344
0.488835235315482	3.4790456295
0.489112998355924	3.4788510799
0.489390761727496	3.4786736965
0.489668523906944	3.4784941673
0.489946288272017	3.4782969952
0.490224051312453	3.4781181812
0.490501813359394	3.4779310226
0.490779297084878	3.477752924
0.491057059761021	3.4775590897
0.491334825218907	3.477363348
0.49161258862362	3.4771811962
0.491890350869266	3.4769866467
0.492168114009047	3.4768102169
0.492445874632017	3.4766449928
0.49272363793739	3.4764184952
0.493001402368662	3.4762456417
0.493279164018246	3.4760663509
0.493556927522298	3.4758765697
0.493834691887343	3.475687027
0.494112456682913	3.4755046368
0.494390221346003	3.4753232002
0.494667986340279	3.4751253128
0.494945750043037	3.4749467373
0.495223514772353	3.4747633934
0.495501000714219	3.4745826721
0.495778765079292	3.474391222
0.496056529444337	3.4742171764
0.496334294041201	3.4740214348
0.496612058340049	3.4738354683
0.496889822804433	3.4736404419
0.497167586573416	3.4734473228
0.497445350971575	3.4732499123
0.497723112919204	3.4730758667
0.498000877449814	3.472889185
0.498278641218798	3.4726996422
0.498556404424832	3.4725003242
0.498834168491833	3.4723262787
0.499111931532275	3.4721429348
0.499389694440237	3.4719491005
0.499667460990935	3.471758604
0.49994522644882	3.4715738297
0.50022271288694	3.471370697
0.500500478940888	3.4711921215
0.500778241484607	3.4710054398
0.501056005783426	3.4708099365
0.501333769519296	3.4706292152
0.501611532162349	3.4704370499
0.501889297156575	3.4702420235
0.502167060163899	3.4700527191
0.502444826714576	3.4698524475
0.502722589688814	3.4696881771
0.503000353490889	3.4695010185
0.503278117392346	3.4692952633
0.503555880664557	3.4691281319
0.503833644897171	3.4689221382
0.504111408599907	3.4687483311
0.504389172600703	3.4685518742
0.504666937528704	3.4683766365
0.504944700304236	3.46819067
0.505222188165013	3.4679896832
0.50549995064245	3.4677970409
0.505777716100336	3.4675986767
0.506055478213503	3.4674146175
0.506333242346757	3.4671983719
0.506611006811169	3.4670257568
0.506888769255543	3.466843605
0.507166533223205	3.4666445255
0.507444296826624	3.4664533138
0.507722059138524	3.4662647247
0.507999822940592	3.4660906792
0.508277586113486	3.4658915997
0.508555350114261	3.4657087326
0.50883311206189	3.465512991
0.509110876658754	3.4653131962
0.509388640527049	3.4651315212
0.509666401977955	3.4649419785
0.509943888217679	3.4647622108
0.510221650198421	3.4645683765
0.51049941390115	3.4643745422
0.51077717667666	3.4641778469
0.511054939087872	3.4639868736
0.511332701499111	3.4637901783
0.511610464175282	3.4635996819
0.511888227348148	3.4634175301
0.512165990819086	3.4632191658
0.512443754588064	3.4630279541
0.512721516469467	3.4628453255
0.512999281794845	3.4626331329
0.513277044305451	3.4624438286
0.513554807147187	3.4622728825
0.513832571611599	3.462064743
0.514110338029845	3.4618835449
0.514388101732575	3.461684227
0.514665866958642	3.4614832401
0.514943354290085	3.4613091946
0.515221118655158	3.4611108303
0.515498881728685	3.4609098434
0.515776646093758	3.4607138634
0.516054408902381	3.4605300426
0.516332173863488	3.460340023
0.516609939222035	3.4601225853
0.516887703818871	3.4599490166
0.517165467455403	3.4597630501
0.517443230959427	3.4595592022
0.517720996086176	3.459369421
0.517998759159703	3.4591758251
0.518276523855934	3.4589824677
0.518554288254092	3.4587934017
0.518832050632218	3.4586164951
0.519109814268749	3.4584040642
0.519387578733134	3.4582145214
0.519665064575899	3.4580113888
0.519942828344854	3.4578127861
0.520220591617115	3.4576499462
0.520498356213951	3.4574418068
0.520776119254393	3.4572458267
0.521053882162383	3.4570651054
0.521331643845052	3.4568777084
0.521609409071119	3.4566760063
0.521887171581697	3.4564709663
0.522164935284455	3.4562866688
0.522442698424235	3.4560925961
0.522720463915206	3.455906868
0.522998228081574	3.4557015896
0.523275992148596	3.4555103779
0.523553754626033	3.4553067684
0.523831519487829	3.4551196098
0.524109283024994	3.4549114704
0.524387046827062	3.4547324181
0.524664531975094	3.4545414448
0.524942295975868	3.4543397427
0.525220059148762	3.4541537762
0.525497822553447	3.4539525509
0.525775585328957	3.4537503719
0.526053348369399	3.4535753727
0.526331111409813	3.4533600807
0.52660887464896	3.4531760216
0.526886637788713	3.4529645443
0.527164401921967	3.452767849
0.527442165690951	3.4525642395
0.527719929526133	3.4523849487
0.52799769382498	3.4521832466
0.528275458190025	3.4519898891
0.528553222157714	3.4517974854
0.528830986059172	3.4515924454
0.529108750656036	3.4513816833
0.529386235340865	3.4511914253
0.529663999441007	3.4509932995
0.52994176258076	3.4508025646
0.530219525091365	3.450599432
0.530497288595389	3.4504117966
0.53077505080795	3.4502213001
0.531052813484121	3.450016737
0.531330577849167	3.4498240948
0.531608341717489	3.4496302605
0.531886105718264	3.4494378567
0.532163868295096	3.4492366314
0.532441632229672	3.4490351677
0.532719394905815	3.4488611221
0.532997157780692	3.4486374855
0.533274921516534	3.4484345913
0.533552683331712	3.4482526779
0.533830446835763	3.4480586052
0.534108210571606	3.4478476048
0.534385696910458	3.4476618767
0.5346634601496	3.4474489689
0.534941224315946	3.4472498894
0.535218987356409	3.4470660686
0.535496749999417	3.4468510151
0.535774513867789	3.4466531277
0.53605227714	3.4464569092
0.536330040412255	3.4462482929
0.536607803783832	3.4460699558
0.536885566923635	3.4458649158
0.537163330891275	3.4456551075
0.537441092772673	3.4454762936
0.537718855713726	3.4452733994
0.537996619515844	3.4450743198
0.538274382788055	3.4448678493
0.538552146424608	3.4446690083
0.538829908173508	3.444463253
0.539107393751468	3.4442830086
0.53938515665943	3.4440579414
0.539662920196595	3.4438772202
0.539940682674082	3.443680048
0.54021844531714	3.4434802532
0.540496206503087	3.4432711601
0.54077396931171	3.4430773258
0.541051732020966	3.4428434372
0.541329495789949	3.4426648617
0.541607257108376	3.4424645901
0.541885017863826	3.4422733784
0.542162780043274	3.4420690536
0.542440543547298	3.4418692589
0.542718305693633	3.441660881
0.542996069826859	3.4414703846
0.54327383309912	3.441267252
0.543551595543472	3.4410617352
0.543829359809178	3.440857172
0.544106844626383	3.44064188
0.544384607898616	3.4404559135
0.544662370078064	3.4402654171
0.544940133648341	3.440056324
0.545217896158947	3.4398460388
0.545495659894812	3.4396336079
0.545773424028066	3.4394414425
0.546051189883308	3.4392397404
0.546328954182155	3.4390277863
0.546606716858326	3.4388382435
0.546884480064333	3.4386324883
0.547162244263813	3.4384300709
0.547440007204888	3.438229084
0.547717771040097	3.4380187988
0.547995535372058	3.4378230572
0.548273298842968	3.4376180172
0.548551064168374	3.4374089241
0.548828549448697	3.437214613
0.549106313780658	3.436994791
0.549384078013223	3.4367921352
0.549661842576974	3.4365956783
0.549939606147252	3.4363958836
0.550217368856536	3.4361691475
0.550495131532707	3.4359917641
0.550772896096479	3.4357833862
0.551050659368712	3.4355823994
0.551328421846177	3.4353747368
0.551606185482709	3.4351849556
0.551883948523123	3.4349691868
0.552161713219354	3.4347681999
0.552439476160429	3.4345691204
0.552717238273623	3.4343719482
0.552995001578996	3.4341638088
0.553272765745336	3.4339640141
0.553550528057236	3.4337534904
0.553828013271399	3.4335587025
0.554105777106609	3.433352232
0.554383540610633	3.43314147
0.5546613037173	3.4329435825
0.554939066492783	3.4327430725
0.555216829168954	3.4325170517
0.555494593037276	3.432308197
0.555772355216696	3.4321050644
0.556050119283725	3.4318921566
0.556327882059257	3.4317047596
0.556605645563308	3.4314749241
0.556883409497857	3.4312851429
0.557161169259861	3.4310772419
0.557438931836665	3.430876255
0.55771669444661	3.4306652546
0.557994458215594	3.4304623604
0.558272219666472	3.4302370548
0.558549705112223	3.4300332069
0.558827467026711	3.4298210144
0.559105230067153	3.4296174049
0.559382993471838	3.4293992519
0.559660756247348	3.4291903973
0.559938518857265	3.4289693832
0.560216281434097	3.4287743568
0.560494046593938	3.4285798073
0.56077180890581	3.4283800125
0.561049572045591	3.4281585217
0.561327334556169	3.4279367924
0.561605099417965	3.4277236462
0.561882861464956	3.4275290966
0.562160624372945	3.4273221493
0.562438389201601	3.4271073341
0.562716152838132	3.4268774986
0.562993917633702	3.4266843796
0.563271681700702	3.4264731407
0.563549168734427	3.4262886047
0.563826932139112	3.4260585308
0.564104696404846	3.4258515835
0.564382457855724	3.4256460667
0.564660221227324	3.4254193306
0.564937983804156	3.4252138138
0.56521574767245	3.4250068665
0.565493509752532	3.4248015881
0.565771273024765	3.4245946407
0.56604903599898	3.4243798256
0.566326798410192	3.4241592884
0.566604560523386	3.4239368439
0.566882322868399	3.423725605
0.567160083690075	3.423525095
0.567437846432494	3.423299551
0.567715610102139	3.4230868816
0.567993372016655	3.4228711128
0.568270857164548	3.422652483
0.568548619410172	3.4224350452
0.568826382549975	3.4222202301
0.569104144994304	3.4220192432
0.569381908928874	3.4218094349
0.569659672995881	3.4215919971
0.569937435208437	3.4213752747
0.570215199308556	3.4211654663
0.570492961984722	3.4209446907
0.570770727310106	3.4207444191
0.571048490052553	3.4205276966
0.571326254020193	3.4203085899
0.571604016928177	3.4200930595
0.571881782220449	3.4198610783
0.572159544101847	3.4196522236
0.572437306910448	3.4194393158
0.572715069520387	3.4192173481
0.572992834183505	3.4190144539
0.573270318835172	3.4188053608
0.573548082372309	3.4185893536
0.573825843359578	3.4183702469
0.574103606896715	3.4181351662
0.574381368215141	3.4179275036
0.574659130063432	3.4177246094
0.574936892242852	3.4175035954
0.5752146544223	3.4172644615
0.5754924184893	3.417052269
0.575770180999906	3.4168379307
0.576047944901342	3.4166204929
0.576325707941756	3.4164059162
0.576603469492001	3.4161930084
0.57688123236685	3.4159696102
0.577158996135834	3.4157586098
0.577436757851644	3.4155318737
0.57771452208421	3.4153242111
0.577992007099894	3.4150910378
0.578269770471488	3.4148674011
0.578547532882699	3.4146499634
0.578825295956254	3.4144484997
0.579103060453779	3.4142172337
0.579380826143456	3.4139890671
0.579658590144258	3.4137756824
0.579936353780761	3.4135506153
0.58021411738418	3.4133353233
0.580491880557046	3.4131057262
0.580769643994872	3.4128804207
0.581047405180846	3.4126691818
0.581325168453079	3.4124495983
0.581602931957131	3.4122340679
0.581880696057244	3.4120032787
0.582158460356091	3.4117832184
0.582436223131601	3.4115636349
0.582713986999896	3.4113397598
0.582991471353926	3.4111201763
0.583269235851424	3.4108989239
0.58354699716985	3.410677433
0.583824761269985	3.4104495049
0.584102524972743	3.4102330208
0.584380288013157	3.4100039005
0.584658051649688	3.4097864628
0.584935815219966	3.4095487595
0.58521357935322	3.4093134403
0.585491342327408	3.4091107845
0.585769105732121	3.4088816643
0.586046869865375	3.4086639881
0.586324633369399	3.4084327221
0.586602398330534	3.4082140923
0.586880161900812	3.40797472
0.58715792537175	3.407750845
0.587435690299772	3.4075431824
0.587713175910922	3.4073045254
0.587990939481227	3.4070959091
0.588268702389189	3.4068715572
0.588546464403045	3.4066405296
0.58882422827134	3.4064314365
0.589101991113103	3.4061863422
0.589379753954861	3.405957222
0.589657516895964	3.4057374001
0.589935279505881	3.4055101871
0.5902130431093	3.4052872658
0.590490805222494	3.405046463
0.590768568362247	3.4048347473
0.591046330905966	3.4046139717
0.591324094178199	3.40437603
0.591601857086189	3.4041564465
0.591879620358421	3.4038977623
0.592157383994953	3.4036853313
0.592435148691184	3.4034464359
0.592712634170014	3.4032316208
0.592990398468861	3.4029915333
0.593268161972885	3.4027881622
0.593545925476937	3.4025449753
0.59382368815308	3.402312994
0.59410145142534	3.4020850658
0.594379214134624	3.4018511772
0.594656977208151	3.4016189575
0.59493474183815	3.401381731
0.595212506302562	3.4011540413
0.595490269475456	3.4009168148
0.595768033376863	3.4006714821
0.596045795986808	3.400452137
0.596323559159674	3.4002285004
0.596601325114283	3.3999860287
0.596879088618334	3.3997497559
0.597156852155471	3.399503231
0.597434339321487	3.3992712498
0.597712102891793	3.3990492821
0.597989868117859	3.3988165855
0.598267632615357	3.3985767365
0.598545398007017	3.3983283043
0.598823162206469	3.3980998993
0.599100925942339	3.3978579044
0.599378690174933	3.3976294994
0.599656453579618	3.3973932266
0.599934218143369	3.3971645832
0.600211981514963	3.3969342709
0.600489744158021	3.3966977596
0.600767506204961	3.3964648247
0.601045270603147	3.3962266445
0.60132303245141	3.3959841728
0.601600793405565	3.3957571983
0.60187855753882	3.3955037594
0.602156319784466	3.3952691555
0.60243380370832	3.3950273991
0.602711566881192	3.3947899342
0.60298932876259	3.3945429325
0.603267090710197	3.3943138123
0.603544853982479	3.3940620422
0.603822616261216	3.3938341141
0.604100379930882	3.3935842514
0.604378143501138	3.3933503628
0.604655905548129	3.3931047916
0.604933668654774	3.3928472996
0.6052114322913	3.3926217556
0.605489194272019	3.3923766613
0.605766957180003	3.3921382427
0.606044721180806	3.3918950558
0.606322484883535	3.3916375637
0.606600247857751	3.3914043903
0.606878012189705	3.3911671638
0.607155497271549	3.3909306526
0.607433261769046	3.3906683922
0.607711024412104	3.3904383183
0.60798878818106	3.3901853561
0.608266552181862	3.3899376392
0.608544316381342	3.3896877766
0.6088220818392	3.3894643784
0.609099841965475	3.3892068863
0.609377606065589	3.3889639378
0.609655368112557	3.3887114525
0.609933131914653	3.3884618282
0.610210897504963	3.3882095814
0.61048866143954	3.3879718781
0.610766425440314	3.3877286911
0.611044188778801	3.3874816895
0.611321952845801	3.3872358799
0.611599715621311	3.3869946003
0.611877479522747	3.386736393
0.612154965067626	3.3864927292
0.612432729465785	3.3862431049
0.612710494658739	3.3860013485
0.612988259785439	3.3857469559
0.613266023918693	3.3855154514
0.613543785170893	3.3852448463
0.613821547780811	3.3849973679
0.614099310821252	3.3847506046
0.614377075252524	3.3844878674
0.614654839253326	3.3842298985
0.614932602525587	3.3839755058
0.615210365168617	3.3837282658
0.615488129036939	3.3834614754
0.615765892441624	3.383228302
0.616043656674217	3.3829779625
0.616321420343834	3.3827118874
0.616599182225237	3.3824558258
0.616876667935544	3.3822185993
0.617154429982512	3.38195014
0.61743219448001	3.3816928864
0.617709955864662	3.3814470768
0.617987717845377	3.381182909
0.618265481316315	3.3809287548
0.618543244422983	3.380666256
0.618821008788028	3.380418539
0.619098771530426	3.3801558018
0.619376533478027	3.3798892498
0.619654296485356	3.3796257973
0.619932059525797	3.3793635368
0.620209823957069	3.3791208267
0.620487588189662	3.3788471222
0.620765351461895	3.3785886765
0.621043115926307	3.3783371449
0.621320880225154	3.3780794144
0.62159864541808	3.3778102398
0.621876132716471	3.3775315285
0.62215389804185	3.3772816658
0.622431663036119	3.3770210743
0.62270942654017	3.3767528534
0.622987193984947	3.3764915466
0.623264958548699	3.376219511
0.623542719834012	3.3759560585
0.623820484993825	3.3756866455
0.624098249425124	3.3754401207
0.62437601273047	3.3751745224
0.624653778387034	3.3749110699
0.624931542652768	3.3746535778
0.625209307150265	3.3743748665
0.625487070554978	3.3741087914
0.625764833529166	3.3738334179
0.626042597927352	3.3735823631
0.626320362756035	3.3733146191
0.626597849260398	3.3730313778
0.62687561418842	3.372780323
0.627153377460652	3.3725004196
0.627431141825726	3.372241497
0.627708906819995	3.3719570637
0.627986670622091	3.3716986179
0.628264434457273	3.3713977337
0.628542199385295	3.3711540699
0.628819963021799	3.3708775043
0.629097728247865	3.3706145287
0.629375490129241	3.370316267
0.629653253898224	3.3700566292
0.62993101779966	3.3697702885
0.630208781999112	3.369494915
0.63048654772193	3.3692240715
0.630764310066915	3.3689537048
0.631042074299508	3.3686695099
0.631319838101605	3.3683969975
0.631597324109741	3.3681228161
0.631875089633853	3.3678541183
0.632152852906086	3.3675670624
0.632430619324332	3.3672904968
0.632708383788716	3.3670125008
0.632986150206962	3.3667347431
0.633263915532389	3.3664553165
0.633541680327959	3.3661851883
0.633819445454659	3.3658955097
0.634097210217116	3.365622282
0.634374975708115	3.365332365
0.634652740801702	3.3650486469
0.634930504901843	3.3647658825
0.635208269763611	3.3644859791
0.635486034029346	3.3641929626
0.635763798593069	3.3639190197
0.636041562130233	3.3636317253
0.636319047774463	3.3633401394
0.636596812669421	3.3630588055
0.636874577299377	3.362760067
0.637152342492324	3.362483263
0.63743010652619	3.3621680737
0.637707871487346	3.3618872166
0.637985634461539	3.3616213799
0.638263398495449	3.3613123894
0.638541162363749	3.361027956
0.638818924311373	3.3607349396
0.639096687815425	3.3604531288
0.639374451584408	3.3601572514
0.639652215022206	3.3598749638
0.639929980413859	3.3595626354
0.640207744116595	3.3592729568
0.64048550755447	3.358975172
0.640763271985747	3.3586859703
0.64104075723288	3.3583939075
0.641318522127762	3.3580920696
0.641596286426609	3.3578088284
0.641874049467023	3.3574960232
0.642151812143194	3.3571872711
0.642429575912149	3.3569095135
0.642707339482455	3.3566040993
0.642985102854055	3.3563108444
0.643262869040454	3.356014967
0.643540632412054	3.3557088375
0.643818394458994	3.3554153442
0.644096157300758	3.3551235199
0.6443739203412	3.3548364639
0.644651684043929	3.3545234203
0.644929445958445	3.3542199135
0.645207208601498	3.3539111614
0.645484971310782	3.3535993099
0.645762735675827	3.3532967567
0.646040220989258	3.3529875278
0.646317984427056	3.3526833057
0.646595747931107	3.3523788452
0.646873512660424	3.3520469666
0.647151278085196	3.3517532349
0.647429042152225	3.3514471054
0.647706805788728	3.3511316776
0.64798456882917	3.3508296013
0.648262332101403	3.3505294323
0.648540096168431	3.350219965
0.648817861096425	3.3498966694
0.649095624799183	3.3495812416
0.649373387839625	3.3492782116
0.649651151939738	3.3489615917
0.649928913622436	3.3486528397
0.650206677821888	3.3483371735
0.650484442352526	3.3480231762
0.650761927599659	3.3476979733
0.651039691600461	3.3473873138
0.651317454309718	3.3470869064
0.651595217350159	3.3467614651
0.651872981946996	3.3464493752
0.652150745980911	3.3461165428
0.652428509120692	3.3457937241
0.652706273220805	3.3454842567
0.652984037188495	3.3451538086
0.653261800262022	3.3448219299
0.65353956373296	3.3445236683
0.653817326177285	3.3441839218
0.654095089085274	3.3438441753
0.654372852125716	3.3435308933
0.654650614007092	3.3432087898
0.65492837499436	3.3428809643
0.655206137538051	3.3425414562
0.65548390160508	3.3422198296
0.65576138506576	3.3418860435
0.656039148039976	3.3415544033
0.656316910881712	3.3412513733
0.656594674617582	3.3409073353
0.656872437393065	3.340565443
0.657150200267941	3.3402454853
0.657427964169377	3.3398997784
0.65770572684552	3.3395719528
0.657983490448939	3.3392400742
0.658261255939909	3.3389055729
0.658539018053104	3.33857131
0.658816781292251	3.3382093906
0.6590945441671	3.3379063606
0.659372307273768	3.3375501633
0.659650072135536	3.3372001648
0.659927832261811	3.3368725777
0.660205592487398	3.3365283012
0.660483077436922	3.3361794949
0.660760839119642	3.3358459473
0.661038599113465	3.335506916
0.661316362021427	3.3351435661
0.661594124002169	3.3348004818
0.661871885916658	3.3344581127
0.662149648427264	3.3341004848
0.662427410474232	3.3337640762
0.662705174342527	3.3334100246
0.662982939601706	3.3330590725
0.663260701483082	3.3327076435
0.663538463828095	3.3323562145
0.663816225245888	3.331990242
0.664093988849279	3.3316292763
0.664371751260518	3.3312773705
0.664649514002887	3.3309116364
0.664927277308261	3.3305583
0.665205038957845	3.3302049637
0.665482523311848	3.3298413754
0.665760286782759	3.3294813633
0.666038050452403	3.3291165829
0.666315813923364	3.3287513256
0.666593577493669	3.3283946514
0.66687134003736	3.328037262
0.667149103673892	3.3276658058
0.667426867475988	3.3272964954
0.667704631013125	3.3269331455
0.667982395245718	3.3265678883
0.668260157491365	3.3262045383
0.668537920167536	3.3258464336
0.668815682843707	3.325463295
0.669093445188692	3.3250916004
0.66937121031542	3.324713707
0.669648971633819	3.3243181705
0.669926733879493	3.3239552975
0.670204217836427	3.3235886097
0.670481982102112	3.3232018948
0.670759744016623	3.3228318691
0.671037507288833	3.3224525452
0.671315269964999	3.3220691681
0.671593033104757	3.3216753006
0.671870796873763	3.3212938309
0.672148559549906	3.3209297657
0.6724263227228	3.3205440044
0.6727040878495	3.3201406002
0.672981851684759	3.3197805882
0.673259615486805	3.3193743229
0.673537379421403	3.3189885616
0.673815145111059	3.3185939789
0.67409290702557	3.3182120323
0.6743706705296	3.3178150654
0.674648433901194	3.3174128532
0.674926197802607	3.3170022964
0.675203682851261	3.3166191578
0.675481446057296	3.3162145615
0.675759209428867	3.3158452511
0.676036971740767	3.3154363632
0.676314735609062	3.31504035
0.676592498119668	3.3146393299
0.676870260928291	3.3142170906
0.677148023571321	3.3138246536
0.677425788698049	3.313410759
0.677703552135847	3.3130104542
0.677981315838604	3.3125948906
0.678259080832873	3.3121986389
0.678536845065467	3.3117699623
0.678814608569491	3.3113536835
0.679092373067016	3.3109631538
0.679370135246436	3.3105435371
0.679647898353104	3.3101115227
0.679925384857466	3.3097102642
0.680203147864795	3.3093001842
0.680480911832484	3.3088736534
0.680758674707333	3.3084611893
0.681036437515956	3.3080234528
0.681314200688822	3.3076095581
0.681591963033836	3.3071789742
0.681869727763179	3.3067626953
0.682147491267203	3.3063380718
0.682425254406984	3.3059117794
0.682703017381172	3.3054735661
0.682980780587207	3.3050484657
0.683258543495196	3.3046052456
0.68353630759531	3.3041741848
0.683814069046211	3.3037326336
0.684091831722382	3.3032934666
0.684369595723185	3.3028693199
0.684647358266876	3.3024168015
0.684924843745734	3.3019783497
0.685202609369157	3.301530838
0.685480372641417	3.3011064529
0.685758136112328	3.3006355762
0.686035899252109	3.3001878262
0.686313662954839	3.2997610569
0.686591426160873	3.2993030548
0.686869189929857	3.2988615036
0.687146954261789	3.298432827
0.687424716871734	3.2979540825
0.68770248017708	3.2974977493
0.687980242654545	3.2970299721
0.688258004039197	3.2965834141
0.688535768205537	3.2961251736
0.688813531047301	3.2956569195
0.689091294551324	3.2951934338
0.689369057128179	3.2947263718
0.689646544426542	3.2942626476
0.689924308427344	3.2938044071
0.690202072295639	3.2933263779
0.690479835236742	3.2928583622
0.69075759867454	3.2923793793
0.691035362741568	3.2919187546
0.691313126874795	3.2914297581
0.69159089137232	3.2909631729
0.691868655141303	3.2904875278
0.692146418844033	3.2899961472
0.692424183474038	3.2895264626
0.692701945653458	3.2890341282
0.692979708362742	3.2885427475
0.693257471403184	3.2880558968
0.69353523553641	3.2875578403
0.693812997782084	3.2870559692
0.694090762080904	3.2865610123
0.694368525651209	3.286067009
0.694646011196089	3.2855694294
0.694923774667027	3.2850799561
0.695201536846448	3.2846040726
0.695479301940062	3.2840781212
0.695757064516867	3.2835891247
0.696034826530722	3.2830665112
0.696312589769869	3.2825686932
0.696590353770644	3.2820460796
0.696868117506514	3.2815442085
0.69714588127547	3.2810330391
0.697423643090647	3.280510664
0.697701405601225	3.2799975872
0.697979168972825	3.2794764042
0.698256932377538	3.2789685726
0.698534693828416	3.2784357071
0.698812456736406	3.277913332
0.699090218650894	3.2773766518
0.699367704195774	3.2768611908
0.699645466607013	3.2763245106
0.699923229647455	3.2757863998
0.700200993151479	3.2752561569
0.700478754536131	3.2747194767
0.700756517212274	3.2741780281
0.701034278464475	3.273630619
0.701312040643923	3.2730596066
0.701589805141421	3.2725396156
0.701867566956598	3.2719864845
0.702145329235357	3.2714333534
0.702423092275799	3.2708821297
0.702700857071369	3.2703371048
0.702978618687812	3.2697782516
0.703256381231531	3.2692313194
0.70353414254993	3.2686748505
0.703811904596898	3.2680902481
0.704089667769764	3.2675225735
0.704367152619911	3.2669723034
0.704644916090828	3.2664105892
0.704922679727381	3.2658207417
0.705200443165179	3.2652521133
0.705478206073169	3.2646741867
0.705755967755838	3.2640912533
0.706033730432031	3.2635090351
0.7063114929757	3.2629032135
0.706589256777818	3.262311697
0.706867018957216	3.2617514133
0.707144782130132	3.2611527443
0.707422543680354	3.2605481148
0.707700305826684	3.2599675655
0.707978068006082	3.2593510151
0.70825583131145	3.2587544918
0.708533594351869	3.2581682205
0.708811356299521	3.2575566769
0.709088842638484	3.2569358349
0.709366603923797	3.2563352585
0.709644367593414	3.255726099
0.709922128911841	3.255109787
0.710199891323052	3.254472971
0.710477654495946	3.2538743019
0.710755417205202	3.2532601357
0.711033181073525	3.252614975
0.711310943617238	3.2520012856
0.711588706591454	3.2513544559
0.711866469499416	3.2507309914
0.712144233732009	3.2500891685
0.712421997765924	3.2494518757
0.712699760276503	3.2488031387
0.712977523316944	3.2481515408
0.713255286191793	3.2475266457
0.713533047841378	3.2468860149
0.713810810451323	3.2462201118
0.714088295632406	3.2455561161
0.714366057778741	3.244915247
0.714643821911968	3.2442464828
0.714921584985522	3.2436056137
0.715199348191529	3.2429258823
0.715477111000152	3.2422595024
0.715754873676295	3.2415759563
0.716032637014782	3.2408993244
0.716310400816878	3.2402045727
0.716588164453382	3.2395174503
0.716865927725637	3.2388389111
0.717143692521207	3.2381651402
0.717421456422642	3.2374541759
0.717699220158485	3.2367584705
0.717976983066475	3.2360687256
0.718254746669865	3.2353765965
0.7185325109356	3.2346720695
0.718809997340722	3.2339706421
0.719087760116232	3.2332596779
0.719365523752764	3.2325479984
0.719643286329568	3.2318460941
0.719921050727754	3.231099844
0.72019881343701	3.2303833961
0.720476576080068	3.2296626568
0.720754340412028	3.2289242744
0.721032104346577	3.2281973362
0.72130986857917	3.2274641991
0.721587632083194	3.2267150879
0.721865396282674	3.225982666
0.722143162336622	3.2252340317
0.722420924946589	3.2244935036
0.722698687887664	3.2237460613
0.722976451292377	3.2229881287
0.723254214730174	3.222222805
0.723531979095248	3.221449852
0.72380946559961	3.2206864357
0.724087229136775	3.219918251
0.724364991216856	3.2191469669
0.72464275531697	3.2183606625
0.724920518986614	3.2175905704
0.725198282987389	3.2168092728
0.725476045762898	3.2160186768
0.725753811518829	3.215233326
0.726031573433317	3.2144320011
0.726309335811444	3.2136478424
0.726587097063616	3.2128384113
0.726864858514523	3.2120308876
0.727142622449099	3.2112193108
0.727420386251168	3.2104094028
0.727698148099453	3.2095930576
0.727975911437939	3.2087619305
0.728253674842652	3.2079195976
0.728531161148535	3.2070851326
0.728808924785039	3.2062473297
0.729086688355344	3.2054307461
0.729364451528238	3.2045907974
0.729642215396533	3.2037258148
0.72991997863568	3.2028791904
0.730197739556695	3.2020311356
0.730475503391905	3.2011780739
0.730753267028436	3.2003233433
0.731031029704579	3.1994493008
0.731308791751548	3.1985914707
0.731586554162759	3.1976799965
0.731864314984463	3.1967988014
0.732142078753446	3.1959073544
0.732419840436116	3.1950147152
0.732697603708376	3.1941213608
0.732975367609784	3.1932361126
0.733253130285977	3.1923289299
0.73353061559938	3.1914219856
0.733808378672935	3.1905078888
0.734086140223153	3.1895947456
0.734363902369488	3.1886677742
0.734641666039105	3.1877534389
0.734919428450344	3.186807394
0.735197191093374	3.1858735085
0.735474953868884	3.1849322319
0.735752716114558	3.1839900017
0.736030477697888	3.1830415726
0.736308241665578	3.1820678711
0.736586004275495	3.1811215878
0.736863766918553	3.1801590919
0.737141530952468	3.1791715622
0.737419294820763	3.1782109737
0.737697057530047	3.1772129536
0.737974821067184	3.176213026
0.738252308299276	3.175229311
0.73853007100856	3.174254179
0.738807834347047	3.1732213497
0.739085599076384	3.1722426414
0.739363363342069	3.1712210178
0.739641126813029	3.1701979637
0.739918892635165	3.1691770554
0.740196656304803	3.1681308746
0.740474420438036	3.1671032906
0.740752184637538	3.166079998
0.741029947942861	3.16502738
0.741307712175476	3.163970232
0.741585475348348	3.1629137993
0.741863239713442	3.1618611813
0.742141003647969	3.1607866287
0.742418769205214	3.1597013474
0.742696533338447	3.158634901
0.742974296875634	3.1575453281
0.74325178493489	3.1564657688
0.743529550425889	3.1553776264
0.743807313466331	3.1542589664
0.744085078957301	3.1531569958
0.744362845474879	3.1520314217
0.744640609608134	3.1509194374
0.744918373509569	3.1497881413
0.745196138901201	3.1486568451
0.745473905319447	3.1475148201
0.745751668989064	3.1463694572
0.746029434943672	3.1452174187
0.746307201991093	3.1440525055
0.746584967184019	3.1428933144
0.746862731747771	3.141705513
0.747140497669238	3.1405220032
0.747418263723214	3.1393451691
0.747696029479116	3.1381430626
0.747973517339893	3.1369600296
0.74825128193673	3.1357495785
0.748529047262136	3.1345479488
0.748806813316111	3.13331604
0.749084577681156	3.1321017742
0.749362341516366	3.1308531761
0.749640107073563	3.1296298504
0.749917870941935	3.1283633709
0.750195635075161	3.1271157265
0.750473399903844	3.1258647442
0.750751163970845	3.1246054173
0.751028926911947	3.1233189106
0.751306691707517	3.1220324039
0.751584457032895	3.1207327843
0.75186222070254	3.1194310188
0.752139985001359	3.1181175709
0.752417749896268	3.1167905331
0.752695514526273	3.1154885292
0.75297300149381	3.1141498089
0.753250768243158	3.1128053665
0.753528534429586	3.1114723682
0.753806298794659	3.1100890636
0.754084063954472	3.108748436
0.754361830405831	3.1073594093
0.754639595499418	3.1059846878
0.754917358308041	3.1045963764
0.755195122110159	3.1031942368
0.755472886773277	3.1018018723
0.755750650906504	3.1003930569
0.756028413582674	3.0989701748
0.756306179239238	3.0975410938
0.756583943372465	3.0961112976
0.756861707439493	3.0946657658
0.757139472036329	3.0932192802
0.757417235275477	3.0917479992
0.757694721316693	3.0902693272
0.757972486344082	3.0887739658
0.758250251702629	3.0873069763
0.758528015703403	3.085791111
0.758805782320327	3.0842716694
0.759083548109343	3.0827682018
0.759361312242598	3.0812177658
0.759639078793268	3.0796823502
0.759916843655064	3.078122139
0.760194608848018	3.0765564442
0.760472373941605	3.0749998093
0.760750137677469	3.073410511
0.761027901446453	3.0718071461
0.761305665546594	3.0702080727
0.761583430871972	3.0685904026
0.761861193912414	3.0669763088
0.762138957813821	3.0653295517
0.762416723271707	3.0636918545
0.762694208816697	3.0620491505
0.762971972850612	3.0603611469
0.763249736752048	3.0586886406
0.763527499825575	3.0569937229
0.763805263064723	3.0552992821
0.764083026403181	3.0535776615
0.764360789377397	3.0518705845
0.764638552484065	3.0501246452
0.764916314663485	3.0483617783
0.765194079260349	3.0466053486
0.765471842333876	3.0448172092
0.765749605142499	3.0430352688
0.766027369838703	3.0412633419
0.766305133210324	3.0394451618
0.766582896780602	3.0376200676
0.766860661046336	3.0357792377
0.767138426139923	3.0339365005
0.767415912743581	3.0320777893
0.767693676976196	3.0301952362
0.767971441904196	3.0283067226
0.768249204017413	3.0264084339
0.768526967190285	3.0244915485
0.76880472999893	3.0225510597
0.769082494032796	3.0206053257
0.769360257371304	3.0186603069
0.76963802107404	3.0166728497
0.769915785869603	3.014688015
0.770193550565785	3.0126903057
0.770471313275091	3.010664463
0.770749078335544	3.0086250305
0.771026842435679	3.0065820217
0.771304604681303	3.0044958591
0.771582367489948	3.0024139881
0.771860131855021	3.0003185272
0.772137896716789	2.9981942177
0.77241538186482	2.996065855
0.772693144044263	2.9939103127
0.772970908740445	2.9917349815
0.773248672178293	2.9895586967
0.773526435086232	2.9873549938
0.773804198159809	2.9851231575
0.774081961862545	2.9828910828
0.774359726757503	2.9806070328
0.774637489864148	2.9783539772
0.774915253235742	2.9760568142
0.775193016640432	2.973733902
0.775470780641229	2.9714064598
0.775748544906913	2.9690680504
0.776026307682446	2.9666764736
0.776304071087136	2.9642820358
0.776581835650909	2.9618699551
0.776859599452983	2.959448576
0.777137085328689	2.9569809437
0.777414849197061	2.954498291
0.77769261395949	2.9520068169
0.777970377397316	2.949477911
0.778248141364978	2.9469330311
0.778525905167074	2.944368124
0.778803669300301	2.9417767525
0.779081432373856	2.9391407967
0.779359195712342	2.9364943504
0.779636958421598	2.9338290691
0.779914723018462	2.931122303
0.780192486290695	2.928413868
0.780470251715468	2.925688982
0.780748016146767	2.9229147434
0.781025781174128	2.9200997353
0.781303545307382	2.917283535
0.7815813079173	2.9144437313
0.781859071553831	2.9115417004
0.782136557098821	2.9086370468
0.78241432056976	2.9057021141
0.782692083146586	2.9027328491
0.782969846783117	2.8997189999
0.783247611843592	2.8966853619
0.78352537591062	2.893630743
0.783803140639964	2.8905375004
0.784080903879084	2.8873963356
0.784358668111677	2.8842577934
0.784636430754707	2.8810424805
0.784914195450938	2.877820015
0.785191959683503	2.8745670319
0.785469724379735	2.8712463379
0.785747488579215	2.8679184914
0.786025254037073	2.8645465374
0.786303019461845	2.8611290455
0.786580784621658	2.8576860428
0.786858269538103	2.8541824818
0.787136033737555	2.8506519794
0.787413797307861	2.8470871449
0.787691560083371	2.8434689045
0.787969325044478	2.8398041725
0.788247091098446	2.8361153603
0.788524856655671	2.8323588371
0.788802621749286	2.8285870552
0.78908038667728	2.8247499466
0.789358151373511	2.8208825588
0.789635918553384	2.8169765472
0.789913682057435	2.8129911423
0.790191447184163	2.8089570999
0.790469212906953	2.804880619
0.79074697849729	2.8007671833
0.791024741935088	2.7965893745
0.79130250497553	2.7923614979
0.79157999171148	2.7880854607
0.791857756672615	2.7837524414
0.792135522428517	2.7793879509
0.792413286230614	2.7749433517
0.792691052417041	2.7704396248
0.792968818504102	2.7658894062
0.793246583465237	2.761289835
0.793524347333531	2.7566347122
0.793802111996671	2.7518873215
0.794079877123371	2.747095108
